Drive_ID,Skill_ID,Skill_Type
DRV0001,SK014,Required
DRV0001,SK015,Required
DRV0001,SK008,Recommended
DRV0001,SK001,Recommended
DRV0001,SK016,Recommended
DRV0001,SK017,Recommended
DRV0002,SK001,Required
DRV0002,SK002,Required
DRV0002,SK014,Required
DRV0002,SK003,Recommended
DRV0002,SK005,Recommended
DRV0002,SK015,Recommended
DRV0002,SK004,Recommended
DRV0003,SK001,Required
DRV0003,SK002,Required
DRV0003,SK014,Required
DRV0003,SK003,Recommended
DRV0003,SK005,Recommended
DRV0003,SK015,Recommended
DRV0003,SK004,Recommended
DRV0004,SK002,Required
DRV0004,SK019,Required
DRV0004,SK006,Required
DRV0004,SK001,Recommended
DRV0004,SK011,Recommended
DRV0004,SK013,Recommended
DRV0004,SK020,Recommended
DRV0005,SK005,Required
DRV0005,SK014,Recommended
DRV0005,SK001,Recommended
DRV0005,SK002,Recommended
DRV0005,SK020,Recommended
DRV0006,SK001,Required
DRV0006,SK012,Required
DRV0006,SK011,Required
DRV0006,SK002,Recommended
DRV0006,SK009,Recommended
DRV0006,SK010,Recommended
DRV0006,SK017,Recommended
DRV0006,SK014,Recommended
DRV0007,SK001,Required
DRV0007,SK002,Required
DRV0007,SK014,Required
DRV0007,SK003,Recommended
DRV0007,SK004,Recommended
DRV0007,SK015,Recommended
DRV0007,SK008,Recommended
DRV0008,SK005,Required
DRV0008,SK014,Recommended
DRV0008,SK001,Recommended
DRV0008,SK002,Recommended
DRV0008,SK020,Recommended
DRV0009,SK005,Required
DRV0009,SK002,Required
DRV0009,SK014,Required
DRV0009,SK001,Recommended
DRV0009,SK003,Recommended
DRV0009,SK015,Recommended
DRV0009,SK008,Recommended
DRV0010,SK005,Required
DRV0010,SK002,Required
DRV0010,SK014,Required
DRV0010,SK001,Recommended
DRV0010,SK003,Recommended
DRV0010,SK015,Recommended
DRV0010,SK008,Recommended
DRV0011,SK005,Required
DRV0011,SK002,Required
DRV0011,SK014,Required
DRV0011,SK001,Recommended
DRV0011,SK003,Recommended
DRV0011,SK015,Recommended
DRV0011,SK008,Recommended
DRV0012,SK001,Required
DRV0012,SK002,Required
DRV0012,SK014,Required
DRV0012,SK003,Recommended
DRV0012,SK005,Recommended
DRV0012,SK015,Recommended
DRV0012,SK004,Recommended
DRV0013,SK002,Required
DRV0013,SK019,Required
DRV0013,SK006,Required
DRV0013,SK001,Recommended
DRV0013,SK011,Recommended
DRV0013,SK013,Recommended
DRV0013,SK020,Recommended
DRV0014,SK019,Required
DRV0014,SK013,Required
DRV0014,SK002,Recommended
DRV0014,SK006,Recommended
DRV0014,SK020,Recommended
DRV0015,SK001,Required
DRV0015,SK008,Required
DRV0015,SK014,Required
DRV0015,SK015,Recommended
DRV0015,SK002,Recommended
DRV0015,SK016,Recommended
DRV0015,SK017,Recommended
DRV0016,SK014,Required
DRV0016,SK015,Required
DRV0016,SK008,Recommended
DRV0016,SK001,Recommended
DRV0016,SK016,Recommended
DRV0016,SK017,Recommended
DRV0017,SK019,Required
DRV0017,SK013,Required
DRV0017,SK002,Recommended
DRV0017,SK006,Recommended
DRV0017,SK020,Recommended
DRV0018,SK002,Required
DRV0018,SK019,Required
DRV0018,SK006,Required
DRV0018,SK001,Recommended
DRV0018,SK011,Recommended
DRV0018,SK013,Recommended
DRV0018,SK020,Recommended
DRV0019,SK001,Required
DRV0019,SK002,Required
DRV0019,SK014,Required
DRV0019,SK003,Recommended
DRV0019,SK005,Recommended
DRV0019,SK015,Recommended
DRV0019,SK004,Recommended
DRV0020,SK005,Required
DRV0020,SK002,Required
DRV0020,SK014,Required
DRV0020,SK001,Recommended
DRV0020,SK003,Recommended
DRV0020,SK015,Recommended
DRV0020,SK008,Recommended
DRV0021,SK001,Required
DRV0021,SK012,Required
DRV0021,SK011,Required
DRV0021,SK002,Recommended
DRV0021,SK009,Recommended
DRV0021,SK010,Recommended
DRV0021,SK017,Recommended
DRV0021,SK014,Recommended
DRV0022,SK001,Required
DRV0022,SK002,Required
DRV0022,SK010,Recommended
DRV0022,SK009,Recommended
DRV0022,SK007,Recommended
DRV0022,SK008,Recommended
DRV0022,SK016,Recommended
DRV0022,SK017,Recommended
DRV0022,SK014,Recommended
DRV0023,SK005,Required
DRV0023,SK014,Recommended
DRV0023,SK001,Recommended
DRV0023,SK002,Recommended
DRV0023,SK020,Recommended
DRV0024,SK005,Required
DRV0024,SK014,Recommended
DRV0024,SK001,Recommended
DRV0024,SK002,Recommended
DRV0024,SK020,Recommended
DRV0025,SK014,Required
DRV0025,SK015,Required
DRV0025,SK008,Recommended
DRV0025,SK001,Recommended
DRV0025,SK016,Recommended
DRV0025,SK017,Recommended
DRV0026,SK005,Required
DRV0026,SK002,Required
DRV0026,SK014,Required
DRV0026,SK001,Recommended
DRV0026,SK003,Recommended
DRV0026,SK015,Recommended
DRV0026,SK008,Recommended
DRV0027,SK001,Required
DRV0027,SK008,Required
DRV0027,SK014,Required
DRV0027,SK015,Recommended
DRV0027,SK002,Recommended
DRV0027,SK016,Recommended
DRV0027,SK017,Recommended
DRV0028,SK005,Required
DRV0028,SK014,Recommended
DRV0028,SK001,Recommended
DRV0028,SK002,Recommended
DRV0028,SK020,Recommended
DRV0029,SK001,Required
DRV0029,SK008,Required
DRV0029,SK014,Required
DRV0029,SK015,Recommended
DRV0029,SK002,Recommended
DRV0029,SK016,Recommended
DRV0029,SK017,Recommended
DRV0030,SK002,Required
DRV0030,SK019,Required
DRV0030,SK006,Required
DRV0030,SK001,Recommended
DRV0030,SK011,Recommended
DRV0030,SK013,Recommended
DRV0030,SK020,Recommended
DRV0031,SK002,Required
DRV0031,SK019,Required
DRV0031,SK006,Required
DRV0031,SK001,Recommended
DRV0031,SK011,Recommended
DRV0031,SK013,Recommended
DRV0031,SK020,Recommended
DRV0032,SK001,Required
DRV0032,SK008,Required
DRV0032,SK014,Required
DRV0032,SK015,Recommended
DRV0032,SK002,Recommended
DRV0032,SK016,Recommended
DRV0032,SK017,Recommended
DRV0033,SK001,Required
DRV0033,SK002,Required
DRV0033,SK010,Recommended
DRV0033,SK009,Recommended
DRV0033,SK007,Recommended
DRV0033,SK008,Recommended
DRV0033,SK016,Recommended
DRV0033,SK017,Recommended
DRV0033,SK014,Recommended
DRV0034,SK019,Required
DRV0034,SK013,Required
DRV0034,SK002,Recommended
DRV0034,SK006,Recommended
DRV0034,SK020,Recommended
DRV0035,SK001,Required
DRV0035,SK002,Required
DRV0035,SK014,Required
DRV0035,SK003,Recommended
DRV0035,SK005,Recommended
DRV0035,SK015,Recommended
DRV0035,SK004,Recommended
DRV0036,SK005,Required
DRV0036,SK014,Recommended
DRV0036,SK001,Recommended
DRV0036,SK002,Recommended
DRV0036,SK020,Recommended
DRV0037,SK001,Required
DRV0037,SK002,Required
DRV0037,SK014,Required
DRV0037,SK003,Recommended
DRV0037,SK005,Recommended
DRV0037,SK015,Recommended
DRV0037,SK004,Recommended
DRV0038,SK001,Required
DRV0038,SK002,Required
DRV0038,SK014,Required
DRV0038,SK003,Recommended
DRV0038,SK004,Recommended
DRV0038,SK015,Recommended
DRV0038,SK008,Recommended
DRV0039,SK014,Required
DRV0039,SK015,Required
DRV0039,SK008,Recommended
DRV0039,SK001,Recommended
DRV0039,SK016,Recommended
DRV0039,SK017,Recommended
DRV0040,SK005,Required
DRV0040,SK014,Recommended
DRV0040,SK001,Recommended
DRV0040,SK002,Recommended
DRV0040,SK020,Recommended
