Drive_ID,Branch_ID
DRV0001,B001
DRV0001,B002
DRV0001,B003
DRV0002,B001
DRV0002,B002
DRV0002,B004
DRV0002,B003
DRV0002,B005
DRV0002,B006
DRV0003,B001
DRV0003,B002
DRV0003,B004
DRV0003,B003
DRV0003,B005
DRV0003,B006
DRV0004,B001
DRV0004,B002
DRV0004,B004
DRV0004,B003
DRV0004,B005
DRV0004,B007
DRV0005,B001
DRV0005,B002
DRV0005,B003
DRV0006,B001
DRV0006,B004
DRV0006,B003
DRV0006,B002
DRV0007,B001
DRV0007,B002
DRV0007,B004
DRV0007,B003
DRV0007,B005
DRV0008,B001
DRV0008,B002
DRV0008,B003
DRV0009,B001
DRV0009,B002
DRV0009,B004
DRV0009,B003
DRV0010,B001
DRV0010,B002
DRV0010,B004
DRV0010,B003
DRV0011,B001
DRV0011,B002
DRV0011,B004
DRV0011,B003
DRV0012,B001
DRV0012,B002
DRV0012,B004
DRV0012,B003
DRV0012,B005
DRV0012,B006
DRV0013,B001
DRV0013,B002
DRV0013,B004
DRV0013,B003
DRV0013,B005
DRV0013,B007
DRV0014,B001
DRV0014,B002
DRV0014,B004
DRV0014,B005
DRV0014,B007
DRV0014,B008
DRV0015,B001
DRV0015,B002
DRV0015,B004
DRV0015,B003
DRV0015,B005
DRV0016,B001
DRV0016,B002
DRV0016,B003
DRV0017,B001
DRV0017,B002
DRV0017,B004
DRV0017,B005
DRV0017,B007
DRV0017,B008
DRV0018,B001
DRV0018,B002
DRV0018,B004
DRV0018,B003
DRV0018,B005
DRV0018,B007
DRV0019,B001
DRV0019,B002
DRV0019,B004
DRV0019,B003
DRV0019,B005
DRV0019,B006
DRV0020,B001
DRV0020,B002
DRV0020,B004
DRV0020,B003
DRV0021,B001
DRV0021,B004
DRV0021,B003
DRV0021,B002
DRV0022,B001
DRV0022,B002
DRV0022,B004
DRV0022,B003
DRV0023,B001
DRV0023,B002
DRV0023,B003
DRV0024,B001
DRV0024,B002
DRV0024,B003
DRV0025,B001
DRV0025,B002
DRV0025,B003
DRV0026,B001
DRV0026,B002
DRV0026,B004
DRV0026,B003
DRV0027,B001
DRV0027,B002
DRV0027,B004
DRV0027,B003
DRV0027,B005
DRV0028,B001
DRV0028,B002
DRV0028,B003
DRV0029,B001
DRV0029,B002
DRV0029,B004
DRV0029,B003
DRV0029,B005
DRV0030,B001
DRV0030,B002
DRV0030,B004
DRV0030,B003
DRV0030,B005
DRV0030,B007
DRV0031,B001
DRV0031,B002
DRV0031,B004
DRV0031,B003
DRV0031,B005
DRV0031,B007
DRV0032,B001
DRV0032,B002
DRV0032,B004
DRV0032,B003
DRV0032,B005
DRV0033,B001
DRV0033,B002
DRV0033,B004
DRV0033,B003
DRV0034,B001
DRV0034,B002
DRV0034,B004
DRV0034,B005
DRV0034,B007
DRV0034,B008
DRV0035,B001
DRV0035,B002
DRV0035,B004
DRV0035,B003
DRV0035,B005
DRV0035,B006
DRV0036,B001
DRV0036,B002
DRV0036,B003
DRV0037,B001
DRV0037,B002
DRV0037,B004
DRV0037,B003
DRV0037,B005
DRV0037,B006
DRV0038,B001
DRV0038,B002
DRV0038,B004
DRV0038,B003
DRV0038,B005
DRV0039,B001
DRV0039,B002
DRV0039,B003
DRV0040,B001
DRV0040,B002
DRV0040,B003
