Drive_ID,Skill_ID
DRV0001,SK014
DRV0001,SK015
DRV0002,SK001
DRV0002,SK002
DRV0002,SK014
DRV0003,SK001
DRV0003,SK002
DRV0003,SK014
DRV0004,SK002
DRV0004,SK019
DRV0004,SK006
DRV0005,SK005
DRV0006,SK001
DRV0006,SK012
DRV0006,SK011
DRV0007,SK001
DRV0007,SK002
DRV0007,SK014
DRV0008,SK005
DRV0009,SK005
DRV0009,SK002
DRV0009,SK014
DRV0010,SK005
DRV0010,SK002
DRV0010,SK014
DRV0011,SK005
DRV0011,SK002
DRV0011,SK014
DRV0012,SK001
DRV0012,SK002
DRV0012,SK014
DRV0013,SK002
DRV0013,SK019
DRV0013,SK006
DRV0014,SK019
DRV0014,SK013
DRV0015,SK001
DRV0015,SK008
DRV0015,SK014
DRV0016,SK014
DRV0016,SK015
DRV0017,SK019
DRV0017,SK013
DRV0018,SK002
DRV0018,SK019
DRV0018,SK006
DRV0019,SK001
DRV0019,SK002
DRV0019,SK014
DRV0020,SK005
DRV0020,SK002
DRV0020,SK014
DRV0021,SK001
DRV0021,SK012
DRV0021,SK011
DRV0022,SK001
DRV0022,SK002
DRV0023,SK005
DRV0024,SK005
DRV0025,SK014
DRV0025,SK015
DRV0026,SK005
DRV0026,SK002
DRV0026,SK014
DRV0027,SK001
DRV0027,SK008
DRV0027,SK014
DRV0028,SK005
DRV0029,SK001
DRV0029,SK008
DRV0029,SK014
DRV0030,SK002
DRV0030,SK019
DRV0030,SK006
DRV0031,SK002
DRV0031,SK019
DRV0031,SK006
DRV0032,SK001
DRV0032,SK008
DRV0032,SK014
DRV0033,SK001
DRV0033,SK002
DRV0034,SK019
DRV0034,SK013
DRV0035,SK001
DRV0035,SK002
DRV0035,SK014
DRV0036,SK005
DRV0037,SK001
DRV0037,SK002
DRV0037,SK014
DRV0038,SK001
DRV0038,SK002
DRV0038,SK014
DRV0039,SK014
DRV0039,SK015
DRV0040,SK005
