Offer_ID,Student_ID,Drive_ID,CTC_LPA,Offer_Status
OFF0001,STU0001,DRV0005,7.8,Rejected
OFF0002,STU0001,DRV0002,14.9,Accepted
OFF0003,STU0005,DRV0007,10.6,Accepted
OFF0004,STU0010,DRV0021,18.5,Accepted
OFF0005,STU0011,DRV0025,12.1,Rejected
OFF0006,STU0011,DRV0015,10.6,Rejected
OFF0007,STU0011,DRV0009,10.5,Accepted
OFF0008,STU0013,DRV0018,11.4,Accepted
OFF0009,STU0016,DRV0019,13.9,Accepted
OFF0010,STU0019,DRV0020,9.2,Rejected
OFF0011,STU0019,DRV0016,9.4,Rejected
OFF0012,STU0019,DRV0039,11.8,Accepted
OFF0013,STU0020,DRV0009,10.5,Rejected
OFF0014,STU0020,DRV0039,11.8,Rejected
OFF0015,STU0020,DRV0029,7.1,Accepted
OFF0016,STU0021,DRV0030,6.4,Rejected
OFF0017,STU0021,DRV0001,10.0,Accepted
OFF0018,STU0021,DRV0012,10.6,Rejected
OFF0019,STU0022,DRV0018,11.4,Rejected
OFF0020,STU0022,DRV0024,11.8,Accepted
OFF0021,STU0025,DRV0003,6.4,Accepted
OFF0022,STU0026,DRV0018,11.4,Accepted
OFF0023,STU0027,DRV0034,9.0,Rejected
OFF0024,STU0027,DRV0013,7.5,Accepted
OFF0025,STU0028,DRV0024,11.8,Accepted
OFF0026,STU0028,DRV0023,5.5,Rejected
OFF0027,STU0028,DRV0029,7.1,Rejected
OFF0028,STU0031,DRV0037,13.3,Rejected
OFF0029,STU0031,DRV0001,10.0,Rejected
OFF0030,STU0031,DRV0007,10.6,Accepted
OFF0031,STU0032,DRV0019,13.9,Accepted
OFF0032,STU0033,DRV0007,10.6,Accepted
OFF0033,STU0033,DRV0036,9.8,Rejected
OFF0034,STU0037,DRV0003,6.4,Accepted
OFF0035,STU0037,DRV0019,13.9,Rejected
OFF0036,STU0038,DRV0025,12.1,Accepted
OFF0037,STU0039,DRV0012,10.6,Accepted
OFF0038,STU0041,DRV0011,13.9,Accepted
OFF0039,STU0042,DRV0010,16.3,Rejected
OFF0040,STU0042,DRV0034,9.0,Accepted
OFF0041,STU0042,DRV0013,7.5,Rejected
OFF0042,STU0043,DRV0017,5.2,Accepted
OFF0043,STU0047,DRV0017,5.2,Accepted
OFF0044,STU0050,DRV0020,9.2,Rejected
OFF0045,STU0050,DRV0034,9.0,Accepted
OFF0046,STU0052,DRV0032,10.9,Accepted
OFF0047,STU0052,DRV0029,7.1,Rejected
OFF0048,STU0056,DRV0014,9.3,Accepted
OFF0049,STU0056,DRV0035,6.8,Rejected
OFF0050,STU0059,DRV0017,5.2,Accepted
OFF0051,STU0060,DRV0018,11.4,Accepted
OFF0052,STU0065,DRV0014,9.3,Rejected
OFF0053,STU0065,DRV0007,10.6,Accepted
OFF0054,STU0067,DRV0019,13.9,Accepted
OFF0055,STU0067,DRV0038,14.3,Rejected
OFF0056,STU0067,DRV0017,5.2,Rejected
OFF0057,STU0071,DRV0013,7.5,Accepted
OFF0058,STU0073,DRV0034,9.0,Accepted
OFF0059,STU0074,DRV0003,6.4,Accepted
OFF0060,STU0076,DRV0033,17.8,Rejected
OFF0061,STU0076,DRV0007,10.6,Accepted
OFF0062,STU0079,DRV0013,7.5,Accepted
OFF0063,STU0086,DRV0030,6.4,Accepted
OFF0064,STU0092,DRV0006,12.8,Rejected
OFF0065,STU0092,DRV0038,14.3,Accepted
OFF0066,STU0092,DRV0005,7.8,Rejected
OFF0067,STU0094,DRV0026,7.4,Rejected
OFF0068,STU0094,DRV0033,17.8,Rejected
OFF0069,STU0094,DRV0008,13.1,Accepted
OFF0070,STU0098,DRV0013,7.5,Accepted
OFF0071,STU0100,DRV0011,13.9,Rejected
OFF0072,STU0100,DRV0010,16.3,Accepted
OFF0073,STU0101,DRV0020,9.2,Accepted
OFF0074,STU0102,DRV0027,9.4,Accepted
OFF0075,STU0104,DRV0017,5.2,Accepted
OFF0076,STU0107,DRV0004,8.9,Accepted
OFF0077,STU0107,DRV0013,7.5,Rejected
OFF0078,STU0109,DRV0034,9.0,Accepted
OFF0079,STU0119,DRV0035,6.8,Accepted
OFF0080,STU0122,DRV0035,6.8,Accepted
OFF0081,STU0123,DRV0036,9.8,Accepted
OFF0082,STU0131,DRV0013,7.5,Rejected
OFF0083,STU0131,DRV0031,10.5,Accepted
OFF0084,STU0131,DRV0003,6.4,Rejected
OFF0085,STU0132,DRV0024,11.8,Accepted
OFF0086,STU0133,DRV0019,13.9,Accepted
OFF0087,STU0133,DRV0034,9.0,Rejected
OFF0088,STU0137,DRV0034,9.0,Accepted
OFF0089,STU0144,DRV0017,5.2,Accepted
OFF0090,STU0145,DRV0001,10.0,Accepted
OFF0091,STU0145,DRV0030,6.4,Rejected
OFF0092,STU0148,DRV0018,11.4,Accepted
OFF0093,STU0149,DRV0011,13.9,Accepted
OFF0094,STU0152,DRV0002,14.9,Accepted
OFF0095,STU0155,DRV0004,8.9,Rejected
OFF0096,STU0155,DRV0030,6.4,Accepted
OFF0097,STU0165,DRV0011,13.9,Accepted
OFF0098,STU0165,DRV0029,7.1,Rejected
OFF0099,STU0165,DRV0023,5.5,Rejected
OFF0100,STU0167,DRV0022,9.9,Rejected
OFF0101,STU0167,DRV0007,10.6,Rejected
OFF0102,STU0167,DRV0029,7.1,Accepted
OFF0103,STU0171,DRV0018,11.4,Accepted
OFF0104,STU0171,DRV0006,12.8,Rejected
OFF0105,STU0171,DRV0034,9.0,Rejected
OFF0106,STU0173,DRV0034,9.0,Accepted
OFF0107,STU0174,DRV0012,10.6,Rejected
OFF0108,STU0174,DRV0023,5.5,Accepted
OFF0109,STU0174,DRV0021,18.5,Rejected
OFF0110,STU0177,DRV0034,9.0,Accepted
OFF0111,STU0178,DRV0007,10.6,Accepted
OFF0112,STU0179,DRV0034,9.0,Accepted
OFF0113,STU0181,DRV0018,11.4,Accepted
OFF0114,STU0182,DRV0028,14.5,Rejected
OFF0115,STU0182,DRV0014,9.3,Accepted
OFF0116,STU0182,DRV0034,9.0,Rejected
OFF0117,STU0183,DRV0017,5.2,Accepted
OFF0118,STU0186,DRV0002,14.9,Accepted
OFF0119,STU0186,DRV0020,9.2,Rejected
OFF0120,STU0187,DRV0007,10.6,Accepted
OFF0121,STU0189,DRV0019,13.9,Rejected
OFF0122,STU0189,DRV0008,13.1,Rejected
OFF0123,STU0189,DRV0034,9.0,Accepted
OFF0124,STU0192,DRV0017,5.2,Rejected
OFF0125,STU0192,DRV0034,9.0,Accepted
OFF0126,STU0195,DRV0030,6.4,Accepted
OFF0127,STU0195,DRV0021,18.5,Rejected
OFF0128,STU0197,DRV0017,5.2,Accepted
OFF0129,STU0199,DRV0004,8.9,Rejected
OFF0130,STU0199,DRV0019,13.9,Accepted
OFF0131,STU0200,DRV0002,14.9,Rejected
OFF0132,STU0200,DRV0011,13.9,Accepted
OFF0133,STU0200,DRV0022,9.9,Rejected
OFF0134,STU0201,DRV0013,7.5,Rejected
OFF0135,STU0201,DRV0015,10.6,Accepted
OFF0136,STU0203,DRV0013,7.5,Accepted
OFF0137,STU0205,DRV0024,11.8,Accepted
OFF0138,STU0205,DRV0010,16.3,Rejected
OFF0139,STU0210,DRV0019,13.9,Accepted
OFF0140,STU0211,DRV0015,10.6,Rejected
OFF0141,STU0211,DRV0013,7.5,Accepted
OFF0142,STU0213,DRV0040,5.6,Accepted
OFF0143,STU0213,DRV0024,11.8,Rejected
OFF0144,STU0214,DRV0019,13.9,Accepted
OFF0145,STU0218,DRV0031,10.5,Accepted
OFF0146,STU0220,DRV0002,14.9,Accepted
OFF0147,STU0223,DRV0037,13.3,Accepted
OFF0148,STU0224,DRV0021,18.5,Accepted
OFF0149,STU0224,DRV0003,6.4,Rejected
OFF0150,STU0224,DRV0030,6.4,Rejected
OFF0151,STU0226,DRV0001,10.0,Accepted
OFF0152,STU0227,DRV0011,13.9,Accepted
OFF0153,STU0229,DRV0018,11.4,Accepted
OFF0154,STU0229,DRV0015,10.6,Rejected
OFF0155,STU0229,DRV0012,10.6,Rejected
OFF0156,STU0230,DRV0011,13.9,Accepted
OFF0157,STU0233,DRV0023,5.5,Accepted
OFF0158,STU0234,DRV0036,9.8,Accepted
OFF0159,STU0236,DRV0013,7.5,Accepted
OFF0160,STU0237,DRV0018,11.4,Accepted
OFF0161,STU0241,DRV0013,7.5,Accepted
OFF0162,STU0242,DRV0018,11.4,Accepted
OFF0163,STU0247,DRV0018,11.4,Accepted
OFF0164,STU0248,DRV0018,11.4,Accepted
OFF0165,STU0249,DRV0007,10.6,Rejected
OFF0166,STU0249,DRV0034,9.0,Accepted
OFF0167,STU0251,DRV0029,7.1,Accepted
OFF0168,STU0252,DRV0002,14.9,Rejected
OFF0169,STU0252,DRV0040,5.6,Accepted
OFF0170,STU0257,DRV0037,13.3,Rejected
OFF0171,STU0257,DRV0038,14.3,Accepted
OFF0172,STU0257,DRV0002,14.9,Rejected
OFF0173,STU0258,DRV0035,6.8,Rejected
OFF0174,STU0258,DRV0007,10.6,Accepted
OFF0175,STU0258,DRV0038,14.3,Rejected
OFF0176,STU0261,DRV0037,13.3,Accepted
OFF0177,STU0261,DRV0002,14.9,Rejected
OFF0178,STU0262,DRV0035,6.8,Accepted
OFF0179,STU0264,DRV0015,10.6,Rejected
OFF0180,STU0264,DRV0034,9.0,Accepted
OFF0181,STU0264,DRV0011,13.9,Rejected
OFF0182,STU0267,DRV0003,6.4,Accepted
OFF0183,STU0269,DRV0018,11.4,Accepted
OFF0184,STU0276,DRV0032,10.9,Rejected
OFF0185,STU0276,DRV0037,13.3,Rejected
OFF0186,STU0276,DRV0036,9.8,Accepted
OFF0187,STU0278,DRV0009,10.5,Rejected
OFF0188,STU0278,DRV0003,6.4,Accepted
OFF0189,STU0278,DRV0015,10.6,Rejected
OFF0190,STU0280,DRV0038,14.3,Rejected
OFF0191,STU0280,DRV0033,17.8,Accepted
OFF0192,STU0280,DRV0031,10.5,Rejected
OFF0193,STU0283,DRV0038,14.3,Rejected
OFF0194,STU0283,DRV0004,8.9,Accepted
OFF0195,STU0283,DRV0027,9.4,Rejected
OFF0196,STU0285,DRV0011,13.9,Accepted
OFF0197,STU0290,DRV0007,10.6,Accepted
OFF0198,STU0295,DRV0028,14.5,Accepted
OFF0199,STU0298,DRV0007,10.6,Rejected
OFF0200,STU0298,DRV0002,14.9,Accepted
OFF0201,STU0302,DRV0028,14.5,Accepted
OFF0202,STU0303,DRV0019,13.9,Accepted
OFF0203,STU0304,DRV0034,9.0,Accepted
OFF0204,STU0306,DRV0010,16.3,Rejected
OFF0205,STU0306,DRV0013,7.5,Accepted
OFF0206,STU0306,DRV0026,7.4,Rejected
OFF0207,STU0307,DRV0005,7.8,Rejected
OFF0208,STU0307,DRV0019,13.9,Rejected
OFF0209,STU0307,DRV0036,9.8,Accepted
OFF0210,STU0309,DRV0017,5.2,Accepted
OFF0211,STU0310,DRV0015,10.6,Accepted
OFF0212,STU0313,DRV0011,13.9,Accepted
OFF0213,STU0320,DRV0001,10.0,Accepted
OFF0214,STU0320,DRV0019,13.9,Rejected
OFF0215,STU0320,DRV0031,10.5,Rejected
OFF0216,STU0321,DRV0035,6.8,Accepted
OFF0217,STU0321,DRV0023,5.5,Rejected
OFF0218,STU0321,DRV0027,9.4,Rejected
OFF0219,STU0322,DRV0017,5.2,Accepted
OFF0220,STU0323,DRV0014,9.3,Accepted
OFF0221,STU0324,DRV0013,7.5,Rejected
OFF0222,STU0324,DRV0019,13.9,Rejected
OFF0223,STU0324,DRV0027,9.4,Accepted
OFF0224,STU0327,DRV0016,9.4,Accepted
OFF0225,STU0328,DRV0010,16.3,Accepted
OFF0226,STU0328,DRV0002,14.9,Rejected
OFF0227,STU0328,DRV0029,7.1,Rejected
OFF0228,STU0331,DRV0002,14.9,Rejected
OFF0229,STU0331,DRV0001,10.0,Accepted
OFF0230,STU0331,DRV0015,10.6,Rejected
OFF0231,STU0332,DRV0038,14.3,Accepted
OFF0232,STU0332,DRV0011,13.9,Rejected
OFF0233,STU0332,DRV0036,9.8,Rejected
OFF0234,STU0334,DRV0006,12.8,Accepted
OFF0235,STU0337,DRV0032,10.9,Accepted
OFF0236,STU0337,DRV0035,6.8,Rejected
OFF0237,STU0338,DRV0010,16.3,Accepted
OFF0238,STU0339,DRV0037,13.3,Accepted
OFF0239,STU0344,DRV0032,10.9,Accepted
OFF0240,STU0344,DRV0023,5.5,Rejected
OFF0241,STU0346,DRV0013,7.5,Accepted
OFF0242,STU0348,DRV0015,10.6,Rejected
OFF0243,STU0348,DRV0003,6.4,Accepted
OFF0244,STU0348,DRV0027,9.4,Rejected
OFF0245,STU0349,DRV0029,7.1,Rejected
OFF0246,STU0349,DRV0020,9.2,Accepted
OFF0247,STU0349,DRV0007,10.6,Rejected
OFF0248,STU0350,DRV0028,14.5,Accepted
OFF0249,STU0351,DRV0035,6.8,Accepted
OFF0250,STU0352,DRV0035,6.8,Accepted
OFF0251,STU0352,DRV0008,13.1,Rejected
OFF0252,STU0356,DRV0030,6.4,Accepted
OFF0253,STU0357,DRV0032,10.9,Rejected
OFF0254,STU0357,DRV0020,9.2,Rejected
OFF0255,STU0357,DRV0006,12.8,Accepted
OFF0256,STU0358,DRV0008,13.1,Accepted
OFF0257,STU0362,DRV0037,13.3,Accepted
OFF0258,STU0366,DRV0002,14.9,Accepted
OFF0259,STU0367,DRV0034,9.0,Accepted
OFF0260,STU0368,DRV0002,14.9,Accepted
OFF0261,STU0369,DRV0036,9.8,Accepted
OFF0262,STU0369,DRV0004,8.9,Rejected
OFF0263,STU0370,DRV0034,9.0,Accepted
OFF0264,STU0371,DRV0004,8.9,Rejected
OFF0265,STU0371,DRV0020,9.2,Rejected
OFF0266,STU0371,DRV0029,7.1,Accepted
OFF0267,STU0372,DRV0036,9.8,Rejected
OFF0268,STU0372,DRV0017,5.2,Accepted
OFF0269,STU0373,DRV0024,11.8,Accepted
OFF0270,STU0374,DRV0020,9.2,Rejected
OFF0271,STU0374,DRV0021,18.5,Accepted
OFF0272,STU0374,DRV0003,6.4,Rejected
OFF0273,STU0379,DRV0034,9.0,Accepted
OFF0274,STU0381,DRV0033,17.8,Accepted
OFF0275,STU0381,DRV0004,8.9,Rejected
OFF0276,STU0381,DRV0022,9.9,Rejected
OFF0277,STU0384,DRV0013,7.5,Accepted
OFF0278,STU0386,DRV0026,7.4,Rejected
OFF0279,STU0386,DRV0014,9.3,Accepted
OFF0280,STU0386,DRV0034,9.0,Rejected
OFF0281,STU0388,DRV0029,7.1,Accepted
OFF0282,STU0388,DRV0015,10.6,Rejected
OFF0283,STU0389,DRV0008,13.1,Accepted
OFF0284,STU0390,DRV0013,7.5,Accepted
OFF0285,STU0390,DRV0030,6.4,Rejected
OFF0286,STU0391,DRV0013,7.5,Accepted
OFF0287,STU0391,DRV0025,12.1,Rejected
OFF0288,STU0392,DRV0029,7.1,Accepted
OFF0289,STU0392,DRV0035,6.8,Rejected
OFF0290,STU0394,DRV0034,9.0,Accepted
OFF0291,STU0394,DRV0031,10.5,Rejected
OFF0292,STU0395,DRV0019,13.9,Accepted
OFF0293,STU0396,DRV0013,7.5,Accepted
OFF0294,STU0396,DRV0030,6.4,Rejected
OFF0295,STU0396,DRV0026,7.4,Rejected
OFF0296,STU0397,DRV0034,9.0,Rejected
OFF0297,STU0397,DRV0019,13.9,Accepted
OFF0298,STU0397,DRV0013,7.5,Rejected
OFF0299,STU0399,DRV0034,9.0,Accepted
OFF0300,STU0401,DRV0017,5.2,Accepted
OFF0301,STU0401,DRV0018,11.4,Rejected
OFF0302,STU0403,DRV0022,9.9,Accepted
OFF0303,STU0404,DRV0017,5.2,Accepted
OFF0304,STU0409,DRV0019,13.9,Accepted
OFF0305,STU0409,DRV0031,10.5,Rejected
OFF0306,STU0410,DRV0021,18.5,Rejected
OFF0307,STU0410,DRV0008,13.1,Rejected
OFF0308,STU0410,DRV0035,6.8,Accepted
OFF0309,STU0411,DRV0010,16.3,Rejected
OFF0310,STU0411,DRV0028,14.5,Rejected
OFF0311,STU0411,DRV0015,10.6,Accepted
OFF0312,STU0413,DRV0001,10.0,Rejected
OFF0313,STU0413,DRV0022,9.9,Rejected
OFF0314,STU0413,DRV0014,9.3,Accepted
OFF0315,STU0415,DRV0008,13.1,Accepted
OFF0316,STU0415,DRV0011,13.9,Rejected
OFF0317,STU0417,DRV0040,5.6,Accepted
OFF0318,STU0418,DRV0015,10.6,Accepted
OFF0319,STU0418,DRV0025,12.1,Rejected
OFF0320,STU0418,DRV0017,5.2,Rejected
OFF0321,STU0419,DRV0017,5.2,Accepted
OFF0322,STU0423,DRV0037,13.3,Accepted
OFF0323,STU0424,DRV0002,14.9,Accepted
OFF0324,STU0424,DRV0024,11.8,Rejected
OFF0325,STU0424,DRV0034,9.0,Rejected
OFF0326,STU0425,DRV0002,14.9,Rejected
OFF0327,STU0425,DRV0035,6.8,Accepted
OFF0328,STU0425,DRV0019,13.9,Rejected
OFF0329,STU0431,DRV0036,9.8,Accepted
OFF0330,STU0431,DRV0022,9.9,Rejected
OFF0331,STU0432,DRV0008,13.1,Accepted
OFF0332,STU0434,DRV0013,7.5,Accepted
OFF0333,STU0438,DRV0027,9.4,Accepted
OFF0334,STU0439,DRV0013,7.5,Accepted
OFF0335,STU0441,DRV0034,9.0,Accepted
OFF0336,STU0443,DRV0029,7.1,Rejected
OFF0337,STU0443,DRV0012,10.6,Accepted
OFF0338,STU0443,DRV0004,8.9,Rejected
OFF0339,STU0446,DRV0034,9.0,Accepted
OFF0340,STU0449,DRV0034,9.0,Accepted
OFF0341,STU0450,DRV0003,6.4,Accepted
OFF0342,STU0450,DRV0031,10.5,Rejected
OFF0343,STU0452,DRV0017,5.2,Accepted
OFF0344,STU0452,DRV0033,17.8,Rejected
OFF0345,STU0456,DRV0031,10.5,Accepted
OFF0346,STU0459,DRV0018,11.4,Accepted
OFF0347,STU0464,DRV0031,10.5,Accepted
OFF0348,STU0465,DRV0033,17.8,Accepted
OFF0349,STU0465,DRV0026,7.4,Rejected
OFF0350,STU0469,DRV0003,6.4,Accepted
OFF0351,STU0470,DRV0008,13.1,Accepted
OFF0352,STU0470,DRV0027,9.4,Rejected
OFF0353,STU0471,DRV0004,8.9,Accepted
OFF0354,STU0472,DRV0023,5.5,Rejected
OFF0355,STU0472,DRV0010,16.3,Rejected
OFF0356,STU0472,DRV0026,7.4,Accepted
OFF0357,STU0473,DRV0013,7.5,Accepted
OFF0358,STU0475,DRV0029,7.1,Accepted
OFF0359,STU0475,DRV0026,7.4,Rejected
OFF0360,STU0475,DRV0020,9.2,Rejected
OFF0361,STU0485,DRV0015,10.6,Accepted
OFF0362,STU0487,DRV0034,9.0,Accepted
OFF0363,STU0490,DRV0018,11.4,Accepted
OFF0364,STU0490,DRV0034,9.0,Rejected
OFF0365,STU0494,DRV0007,10.6,Rejected
OFF0366,STU0494,DRV0026,7.4,Rejected
OFF0367,STU0494,DRV0027,9.4,Accepted
OFF0368,STU0495,DRV0027,9.4,Accepted
OFF0369,STU0495,DRV0020,9.2,Rejected
OFF0370,STU0496,DRV0019,13.9,Accepted
OFF0371,STU0497,DRV0030,6.4,Accepted
OFF0372,STU0497,DRV0013,7.5,Rejected
OFF0373,STU0499,DRV0023,5.5,Accepted
OFF0374,STU0506,DRV0002,14.9,Rejected
OFF0375,STU0506,DRV0017,5.2,Accepted
OFF0376,STU0507,DRV0018,11.4,Accepted
OFF0377,STU0508,DRV0033,17.8,Rejected
OFF0378,STU0508,DRV0039,11.8,Rejected
OFF0379,STU0508,DRV0011,13.9,Accepted
OFF0380,STU0512,DRV0003,6.4,Accepted
OFF0381,STU0516,DRV0017,5.2,Accepted
OFF0382,STU0517,DRV0026,7.4,Accepted
OFF0383,STU0522,DRV0017,5.2,Accepted
OFF0384,STU0525,DRV0011,13.9,Accepted
OFF0385,STU0525,DRV0005,7.8,Rejected
OFF0386,STU0527,DRV0037,13.3,Accepted
OFF0387,STU0528,DRV0009,10.5,Rejected
OFF0388,STU0528,DRV0011,13.9,Accepted
OFF0389,STU0528,DRV0026,7.4,Rejected
OFF0390,STU0529,DRV0007,10.6,Accepted
OFF0391,STU0529,DRV0014,9.3,Rejected
OFF0392,STU0534,DRV0037,13.3,Accepted
OFF0393,STU0536,DRV0030,6.4,Accepted
OFF0394,STU0537,DRV0030,6.4,Accepted
OFF0395,STU0538,DRV0027,9.4,Accepted
OFF0396,STU0538,DRV0034,9.0,Rejected
OFF0397,STU0539,DRV0005,7.8,Rejected
OFF0398,STU0539,DRV0026,7.4,Accepted
OFF0399,STU0539,DRV0029,7.1,Rejected
OFF0400,STU0540,DRV0003,6.4,Rejected
OFF0401,STU0540,DRV0033,17.8,Rejected
OFF0402,STU0540,DRV0018,11.4,Accepted
OFF0403,STU0543,DRV0007,10.6,Rejected
OFF0404,STU0543,DRV0002,14.9,Accepted
OFF0405,STU0545,DRV0017,5.2,Accepted
OFF0406,STU0545,DRV0034,9.0,Rejected
OFF0407,STU0547,DRV0026,7.4,Rejected
OFF0408,STU0547,DRV0010,16.3,Rejected
OFF0409,STU0547,DRV0011,13.9,Accepted
OFF0410,STU0549,DRV0040,5.6,Rejected
OFF0411,STU0549,DRV0015,10.6,Rejected
OFF0412,STU0549,DRV0023,5.5,Accepted
OFF0413,STU0551,DRV0017,5.2,Accepted
OFF0414,STU0555,DRV0030,6.4,Rejected
OFF0415,STU0555,DRV0034,9.0,Rejected
OFF0416,STU0555,DRV0010,16.3,Accepted
OFF0417,STU0557,DRV0039,11.8,Accepted
OFF0418,STU0557,DRV0038,14.3,Rejected
OFF0419,STU0557,DRV0022,9.9,Rejected
OFF0420,STU0562,DRV0007,10.6,Accepted
OFF0421,STU0563,DRV0034,9.0,Rejected
OFF0422,STU0563,DRV0029,7.1,Rejected
OFF0423,STU0563,DRV0035,6.8,Accepted
OFF0424,STU0564,DRV0038,14.3,Accepted
OFF0425,STU0564,DRV0018,11.4,Rejected
OFF0426,STU0565,DRV0018,11.4,Accepted
OFF0427,STU0566,DRV0018,11.4,Accepted
OFF0428,STU0571,DRV0012,10.6,Accepted
OFF0429,STU0572,DRV0023,5.5,Accepted
OFF0430,STU0573,DRV0013,7.5,Accepted
OFF0431,STU0574,DRV0019,13.9,Accepted
OFF0432,STU0577,DRV0017,5.2,Accepted
OFF0433,STU0579,DRV0019,13.9,Accepted
OFF0434,STU0579,DRV0004,8.9,Rejected
OFF0435,STU0580,DRV0030,6.4,Accepted
OFF0436,STU0582,DRV0022,9.9,Rejected
OFF0437,STU0582,DRV0039,11.8,Rejected
OFF0438,STU0582,DRV0023,5.5,Accepted
OFF0439,STU0583,DRV0010,16.3,Rejected
OFF0440,STU0583,DRV0022,9.9,Accepted
OFF0441,STU0583,DRV0017,5.2,Rejected
OFF0442,STU0590,DRV0039,11.8,Rejected
OFF0443,STU0590,DRV0005,7.8,Accepted
OFF0444,STU0591,DRV0003,6.4,Accepted
OFF0445,STU0598,DRV0013,7.5,Accepted
OFF0446,STU0598,DRV0034,9.0,Rejected
OFF0447,STU0600,DRV0018,11.4,Rejected
OFF0448,STU0600,DRV0013,7.5,Rejected
OFF0449,STU0600,DRV0019,13.9,Accepted
