Drive_ID,Company_ID,Role_ID,Registration_Start,Registration_End,Minimum_CGPA,Eligibility_Backlogs,CTC_LPA,Open_Positions,Status
DRV0001,C026,R010,2026-09-10,2026-09-15,7.05,0,10.0,9,Open
DRV0002,C024,R001,2026-08-09,2026-08-19,7.2,1,14.9,19,Open
DRV0003,C017,R001,2026-08-06,2026-08-15,7.84,1,6.4,8,Open
DRV0004,C002,R002,2026-08-15,2026-08-24,7.7,1,8.9,19,Open
DRV0005,C016,R008,2026-08-27,2026-09-02,7.4,1,7.8,2,Open
DRV0006,C027,R005,2026-09-18,2026-09-24,8.9,0,12.8,6,Open
DRV0007,C015,R007,2026-08-14,2026-08-21,7.2,1,10.6,13,Open
DRV0008,C018,R008,2026-09-24,2026-10-01,7.71,1,13.1,16,Open
DRV0009,C025,R009,2026-09-04,2026-09-09,8.95,1,10.5,19,Open
DRV0010,C021,R009,2026-08-19,2026-08-29,8.24,1,16.3,20,Open
DRV0011,C029,R009,2026-08-13,2026-08-23,7.14,1,13.9,11,Open
DRV0012,C011,R001,2026-08-06,2026-08-12,8.73,1,10.6,16,Open
DRV0013,C005,R002,2026-09-10,2026-09-17,6.83,1,7.5,10,Open
DRV0014,C014,R004,2026-09-14,2026-09-24,7.8,1,9.3,7,Open
DRV0015,C019,R006,2026-09-04,2026-09-14,7.49,1,10.6,10,Open
DRV0016,C012,R010,2026-09-29,2026-10-09,8.38,0,9.4,12,Open
DRV0017,C009,R004,2026-09-23,2026-09-28,6.96,1,5.2,12,Open
DRV0018,C021,R002,2026-08-26,2026-09-02,6.63,1,11.4,20,Open
DRV0019,C015,R001,2026-09-26,2026-10-06,7.63,1,13.9,14,Open
DRV0020,C003,R009,2026-09-26,2026-10-06,7.92,1,9.2,9,Open
DRV0021,C005,R005,2026-09-17,2026-09-26,8.58,0,18.5,15,Open
DRV0022,C026,R003,2026-09-27,2026-10-06,7.8,0,9.9,6,Open
DRV0023,C018,R008,2026-09-02,2026-09-10,6.68,1,5.5,5,Open
DRV0024,C009,R008,2026-08-10,2026-08-20,6.82,1,11.8,4,Open
DRV0025,C001,R010,2026-08-25,2026-09-02,8.19,0,12.1,10,Open
DRV0026,C020,R009,2026-09-05,2026-09-10,8.36,1,7.4,19,Open
DRV0027,C022,R006,2026-09-18,2026-09-25,8.54,1,9.4,11,Open
DRV0028,C012,R008,2026-08-28,2026-09-03,7.41,1,14.5,10,Open
DRV0029,C013,R006,2026-09-02,2026-09-08,8.02,1,7.1,11,Open
DRV0030,C023,R002,2026-09-23,2026-10-03,7.52,1,6.4,13,Open
DRV0031,C001,R002,2026-09-18,2026-09-24,7.58,1,10.5,18,Open
DRV0032,C022,R006,2026-09-28,2026-10-03,8.2,1,10.9,5,Open
DRV0033,C016,R003,2026-09-29,2026-10-06,8.76,0,17.8,11,Open
DRV0034,C010,R004,2026-08-16,2026-08-21,6.98,1,9.0,4,Open
DRV0035,C003,R001,2026-08-06,2026-08-16,7.97,1,6.8,19,Open
DRV0036,C019,R008,2026-09-19,2026-09-25,6.76,1,9.8,19,Open
DRV0037,C023,R001,2026-08-11,2026-08-18,8.06,1,13.3,8,Open
DRV0038,C015,R007,2026-09-29,2026-10-08,8.51,1,14.3,11,Open
DRV0039,C007,R010,2026-08-26,2026-09-05,8.3,0,11.8,18,Open
DRV0040,C025,R008,2026-08-29,2026-09-03,7.0,1,5.6,2,Open
