Student_ID,Skill_ID
STU0001,SK001
STU0001,SK012
STU0001,SK011
STU0001,SK002
STU0001,SK008
STU0001,SK006
STU0002,SK004
STU0002,SK001
STU0002,SK014
STU0003,SK001
STU0003,SK012
STU0003,SK011
STU0003,SK008
STU0004,SK019
STU0004,SK001
STU0005,SK004
STU0005,SK001
STU0005,SK002
STU0005,SK014
STU0005,SK019
STU0006,SK001
STU0006,SK019
STU0006,SK002
STU0007,SK019
STU0007,SK001
STU0008,SK001
STU0008,SK019
STU0008,SK002
STU0008,SK014
STU0008,SK004
STU0009,SK001
STU0009,SK002
STU0009,SK011
STU0009,SK012
STU0009,SK010
STU0009,SK006
STU0010,SK001
STU0010,SK002
STU0010,SK003
STU0010,SK014
STU0010,SK019
STU0011,SK001
STU0011,SK012
STU0011,SK011
STU0011,SK006
STU0011,SK008
STU0012,SK004
STU0012,SK001
STU0012,SK014
STU0013,SK004
STU0013,SK001
STU0013,SK014
STU0013,SK019
STU0014,SK019
STU0014,SK020
STU0014,SK001
STU0015,SK019
STU0015,SK001
STU0015,SK020
STU0016,SK001
STU0016,SK019
STU0016,SK014
STU0016,SK002
STU0016,SK004
STU0017,SK001
STU0017,SK002
STU0017,SK011
STU0017,SK012
STU0017,SK010
STU0018,SK001
STU0018,SK002
STU0018,SK011
STU0018,SK012
STU0018,SK010
STU0018,SK008
STU0018,SK006
STU0019,SK001
STU0019,SK002
STU0019,SK003
STU0019,SK014
STU0019,SK006
STU0019,SK019
STU0019,SK008
STU0020,SK001
STU0020,SK002
STU0020,SK003
STU0020,SK014
STU0020,SK005
STU0020,SK017
STU0021,SK001
STU0021,SK002
STU0021,SK003
STU0021,SK014
STU0021,SK008
STU0022,SK001
STU0022,SK002
STU0022,SK003
STU0022,SK014
STU0022,SK017
STU0022,SK008
STU0023,SK001
STU0023,SK002
STU0023,SK011
STU0023,SK012
STU0023,SK007
STU0023,SK008
STU0024,SK001
STU0024,SK002
STU0024,SK011
STU0024,SK012
STU0024,SK007
STU0024,SK010
STU0025,SK004
STU0025,SK001
STU0025,SK019
STU0025,SK014
STU0026,SK004
STU0026,SK001
STU0026,SK019
STU0026,SK014
STU0026,SK002
STU0027,SK004
STU0027,SK001
STU0027,SK002
STU0028,SK001
STU0028,SK002
STU0028,SK003
STU0028,SK014
STU0028,SK008
STU0028,SK006
STU0029,SK004
STU0029,SK001
STU0029,SK002
STU0029,SK014
STU0029,SK019
STU0030,SK004
STU0030,SK001
STU0030,SK002
STU0031,SK001
STU0031,SK002
STU0031,SK003
STU0031,SK014
STU0031,SK008
STU0031,SK006
STU0032,SK001
STU0032,SK002
STU0032,SK011
STU0032,SK012
STU0032,SK010
STU0033,SK001
STU0033,SK002
STU0033,SK003
STU0033,SK014
STU0033,SK017
STU0034,SK019
STU0034,SK001
STU0034,SK020
STU0035,SK004
STU0035,SK001
STU0035,SK014
STU0035,SK019
STU0036,SK001
STU0036,SK002
STU0036,SK003
STU0036,SK014
STU0036,SK019
STU0036,SK008
STU0036,SK006
STU0037,SK001
STU0037,SK019
STU0037,SK014
STU0037,SK004
STU0037,SK002
STU0038,SK001
STU0038,SK012
STU0038,SK011
STU0038,SK008
STU0039,SK001
STU0039,SK012
STU0039,SK011
STU0039,SK002
STU0039,SK008
STU0040,SK001
STU0040,SK019
STU0040,SK002
STU0041,SK001
STU0041,SK002
STU0041,SK003
STU0041,SK014
STU0041,SK015
STU0041,SK008
STU0041,SK017
STU0042,SK001
STU0042,SK002
STU0042,SK003
STU0042,SK014
STU0042,SK006
STU0042,SK008
STU0042,SK019
STU0043,SK004
STU0043,SK001
STU0043,SK002
STU0043,SK019
STU0043,SK014
STU0044,SK004
STU0044,SK001
STU0044,SK019
STU0044,SK014
STU0044,SK002
STU0045,SK001
STU0045,SK002
STU0045,SK003
STU0045,SK014
STU0045,SK008
STU0045,SK006
STU0045,SK019
STU0046,SK004
STU0046,SK001
STU0046,SK014
STU0046,SK002
STU0047,SK019
STU0047,SK020
STU0048,SK001
STU0048,SK002
STU0048,SK003
STU0048,SK014
STU0048,SK015
STU0048,SK008
STU0048,SK005
STU0049,SK019
STU0049,SK001
STU0049,SK020
STU0050,SK001
STU0050,SK002
STU0050,SK003
STU0050,SK014
STU0050,SK006
STU0050,SK019
STU0051,SK019
STU0051,SK020
STU0051,SK001
STU0052,SK004
STU0052,SK001
STU0052,SK002
STU0053,SK001
STU0053,SK012
STU0053,SK011
STU0053,SK002
STU0053,SK008
STU0054,SK004
STU0054,SK001
STU0054,SK019
STU0055,SK001
STU0055,SK012
STU0055,SK011
STU0055,SK002
STU0056,SK001
STU0056,SK002
STU0056,SK011
STU0056,SK012
STU0056,SK008
STU0056,SK006
STU0056,SK010
STU0057,SK001
STU0057,SK002
STU0057,SK003
STU0057,SK014
STU0057,SK017
STU0058,SK019
STU0058,SK020
STU0059,SK001
STU0059,SK002
STU0059,SK003
STU0059,SK014
STU0059,SK017
STU0059,SK005
STU0059,SK008
STU0060,SK001
STU0060,SK002
STU0060,SK011
STU0060,SK012
STU0060,SK010
STU0060,SK007
STU0060,SK008
STU0061,SK004
STU0061,SK001
STU0061,SK019
STU0061,SK002
STU0062,SK001
STU0062,SK019
STU0062,SK002
STU0063,SK004
STU0063,SK001
STU0063,SK014
STU0064,SK019
STU0064,SK020
STU0064,SK001
STU0065,SK004
STU0065,SK001
STU0065,SK014
STU0065,SK019
STU0065,SK002
STU0066,SK019
STU0066,SK020
STU0067,SK001
STU0067,SK002
STU0067,SK003
STU0067,SK014
STU0067,SK006
STU0068,SK001
STU0068,SK012
STU0068,SK011
STU0068,SK002
STU0068,SK008
STU0069,SK001
STU0069,SK012
STU0069,SK011
STU0069,SK008
STU0069,SK006
STU0070,SK019
STU0070,SK001
STU0071,SK019
STU0071,SK001
STU0071,SK020
STU0072,SK004
STU0072,SK001
STU0072,SK014
STU0072,SK019
STU0073,SK019
STU0073,SK001
STU0074,SK001
STU0074,SK012
STU0074,SK011
STU0074,SK006
STU0074,SK008
STU0075,SK001
STU0075,SK002
STU0075,SK003
STU0075,SK014
STU0075,SK005
STU0075,SK008
STU0076,SK001
STU0076,SK002
STU0076,SK011
STU0076,SK012
STU0076,SK006
STU0076,SK008
STU0076,SK007
STU0077,SK019
STU0077,SK020
STU0077,SK001
STU0078,SK001
STU0078,SK002
STU0078,SK003
STU0078,SK014
STU0078,SK006
STU0079,SK019
STU0079,SK001
STU0079,SK020
STU0080,SK001
STU0080,SK019
STU0080,SK014
STU0081,SK001
STU0081,SK012
STU0081,SK011
STU0081,SK002
STU0081,SK008
STU0082,SK001
STU0082,SK002
STU0082,SK011
STU0082,SK012
STU0082,SK006
STU0082,SK008
STU0083,SK001
STU0083,SK002
STU0083,SK003
STU0083,SK014
STU0083,SK019
STU0083,SK006
STU0083,SK008
STU0084,SK001
STU0084,SK002
STU0084,SK011
STU0084,SK012
STU0084,SK007
STU0085,SK004
STU0085,SK001
STU0085,SK002
STU0085,SK019
STU0086,SK019
STU0086,SK020
STU0087,SK019
STU0087,SK001
STU0088,SK004
STU0088,SK001
STU0088,SK014
STU0088,SK002
STU0089,SK001
STU0089,SK002
STU0089,SK003
STU0089,SK014
STU0089,SK008
STU0089,SK019
STU0090,SK004
STU0090,SK001
STU0090,SK019
STU0090,SK002
STU0091,SK019
STU0091,SK001
STU0092,SK001
STU0092,SK012
STU0092,SK011
STU0092,SK002
STU0092,SK008
STU0093,SK019
STU0093,SK020
STU0094,SK001
STU0094,SK012
STU0094,SK011
STU0094,SK002
STU0095,SK001
STU0095,SK019
STU0095,SK014
STU0095,SK002
STU0095,SK004
STU0096,SK001
STU0096,SK002
STU0096,SK011
STU0096,SK012
STU0096,SK006
STU0096,SK008
STU0096,SK010
STU0097,SK004
STU0097,SK001
STU0097,SK014
STU0097,SK019
STU0097,SK002
STU0098,SK001
STU0098,SK002
STU0098,SK003
STU0098,SK014
STU0098,SK015
STU0099,SK001
STU0099,SK012
STU0099,SK011
STU0099,SK008
STU0099,SK002
STU0099,SK006
STU0100,SK001
STU0100,SK002
STU0100,SK003
STU0100,SK014
STU0100,SK019
STU0100,SK008
STU0101,SK001
STU0101,SK012
STU0101,SK011
STU0101,SK002
STU0101,SK006
STU0102,SK001
STU0102,SK012
STU0102,SK011
STU0102,SK006
STU0103,SK001
STU0103,SK002
STU0103,SK003
STU0103,SK014
STU0103,SK006
STU0103,SK008
STU0104,SK001
STU0104,SK002
STU0104,SK011
STU0104,SK012
STU0104,SK010
STU0104,SK006
STU0105,SK001
STU0105,SK019
STU0105,SK014
STU0106,SK001
STU0106,SK002
STU0106,SK003
STU0106,SK014
STU0106,SK019
STU0106,SK006
STU0106,SK008
STU0107,SK001
STU0107,SK002
STU0107,SK003
STU0107,SK014
STU0107,SK015
STU0107,SK008
STU0107,SK017
STU0108,SK001
STU0108,SK002
STU0108,SK003
STU0108,SK014
STU0108,SK008
STU0109,SK019
STU0109,SK001
STU0110,SK019
STU0110,SK001
STU0110,SK020
STU0111,SK019
STU0111,SK001
STU0111,SK020
STU0112,SK001
STU0112,SK002
STU0112,SK003
STU0112,SK014
STU0112,SK019
STU0112,SK008
STU0112,SK006
STU0113,SK019
STU0113,SK001
STU0114,SK004
STU0114,SK001
STU0114,SK014
STU0115,SK001
STU0115,SK012
STU0115,SK011
STU0115,SK008
STU0115,SK002
STU0115,SK006
STU0116,SK019
STU0116,SK020
STU0116,SK001
STU0117,SK019
STU0117,SK020
STU0118,SK019
STU0118,SK020
STU0118,SK001
STU0119,SK001
STU0119,SK019
STU0119,SK004
STU0120,SK001
STU0120,SK019
STU0120,SK014
STU0120,SK002
STU0121,SK001
STU0121,SK012
STU0121,SK011
STU0121,SK006
STU0122,SK001
STU0122,SK002
STU0122,SK003
STU0122,SK014
STU0122,SK019
STU0123,SK001
STU0123,SK002
STU0123,SK003
STU0123,SK014
STU0123,SK015
STU0123,SK008
STU0124,SK001
STU0124,SK002
STU0124,SK003
STU0124,SK014
STU0124,SK017
STU0124,SK008
STU0125,SK001
STU0125,SK019
STU0125,SK002
STU0126,SK019
STU0126,SK001
STU0127,SK004
STU0127,SK001
STU0127,SK014
STU0127,SK002
STU0127,SK019
STU0128,SK019
STU0128,SK001
STU0128,SK020
STU0129,SK019
STU0129,SK020
STU0129,SK001
STU0130,SK001
STU0130,SK019
STU0130,SK002
STU0130,SK004
STU0131,SK001
STU0131,SK012
STU0131,SK011
STU0131,SK002
STU0131,SK006
STU0131,SK008
STU0132,SK001
STU0132,SK002
STU0132,SK003
STU0132,SK014
STU0132,SK015
STU0132,SK005
STU0132,SK008
STU0133,SK004
STU0133,SK001
STU0133,SK002
STU0134,SK001
STU0134,SK002
STU0134,SK003
STU0134,SK014
STU0134,SK006
STU0135,SK001
STU0135,SK019
STU0135,SK014
STU0135,SK004
STU0135,SK002
STU0136,SK001
STU0136,SK002
STU0136,SK011
STU0136,SK012
STU0136,SK007
STU0136,SK010
STU0137,SK019
STU0137,SK020
STU0138,SK019
STU0138,SK001
STU0139,SK019
STU0139,SK020
STU0140,SK001
STU0140,SK019
STU0140,SK014
STU0140,SK004
STU0141,SK019
STU0141,SK020
STU0142,SK019
STU0142,SK020
STU0143,SK001
STU0143,SK002
STU0143,SK011
STU0143,SK012
STU0143,SK010
STU0143,SK007
STU0144,SK019
STU0144,SK001
STU0145,SK001
STU0145,SK012
STU0145,SK011
STU0145,SK008
STU0145,SK006
STU0146,SK019
STU0146,SK020
STU0146,SK001
STU0147,SK001
STU0147,SK002
STU0147,SK011
STU0147,SK012
STU0147,SK007
STU0147,SK010
STU0148,SK019
STU0148,SK001
STU0148,SK020
STU0149,SK001
STU0149,SK002
STU0149,SK003
STU0149,SK014
STU0149,SK017
STU0149,SK015
STU0149,SK008
STU0150,SK001
STU0150,SK002
STU0150,SK011
STU0150,SK012
STU0150,SK006
STU0150,SK007
STU0151,SK019
STU0151,SK001
STU0152,SK001
STU0152,SK019
STU0152,SK004
STU0153,SK019
STU0153,SK001
STU0153,SK020
STU0154,SK001
STU0154,SK019
STU0154,SK014
STU0154,SK002
STU0155,SK019
STU0155,SK020
STU0155,SK001
STU0156,SK004
STU0156,SK001
STU0156,SK002
STU0156,SK019
STU0156,SK014
STU0157,SK019
STU0157,SK020
STU0157,SK001
STU0158,SK019
STU0158,SK020
STU0159,SK004
STU0159,SK001
STU0159,SK019
STU0159,SK002
STU0160,SK019
STU0160,SK020
STU0161,SK004
STU0161,SK001
STU0161,SK019
STU0161,SK014
STU0162,SK001
STU0162,SK019
STU0162,SK014
STU0162,SK002
STU0163,SK001
STU0163,SK002
STU0163,SK003
STU0163,SK014
STU0163,SK008
STU0163,SK015
STU0164,SK019
STU0164,SK020
STU0164,SK001
STU0165,SK001
STU0165,SK002
STU0165,SK003
STU0165,SK014
STU0165,SK017
STU0165,SK008
STU0165,SK005
STU0166,SK001
STU0166,SK002
STU0166,SK003
STU0166,SK014
STU0166,SK006
STU0166,SK008
STU0166,SK019
STU0167,SK001
STU0167,SK002
STU0167,SK003
STU0167,SK014
STU0167,SK006
STU0168,SK019
STU0168,SK001
STU0168,SK020
STU0169,SK001
STU0169,SK019
STU0169,SK002
STU0170,SK019
STU0170,SK001
STU0171,SK001
STU0171,SK002
STU0171,SK011
STU0171,SK012
STU0171,SK006
STU0171,SK007
STU0172,SK019
STU0172,SK020
STU0172,SK001
STU0173,SK001
STU0173,SK002
STU0173,SK003
STU0173,SK014
STU0173,SK008
STU0173,SK006
STU0174,SK001
STU0174,SK012
STU0174,SK011
STU0174,SK008
STU0175,SK019
STU0175,SK001
STU0176,SK019
STU0176,SK020
STU0176,SK001
STU0177,SK001
STU0177,SK002
STU0177,SK003
STU0177,SK014
STU0177,SK017
STU0177,SK005
STU0177,SK008
STU0178,SK001
STU0178,SK002
STU0178,SK003
STU0178,SK014
STU0178,SK008
STU0179,SK019
STU0179,SK001
STU0180,SK004
STU0180,SK001
STU0180,SK019
STU0180,SK002
STU0180,SK014
STU0181,SK001
STU0181,SK002
STU0181,SK011
STU0181,SK012
STU0181,SK008
STU0181,SK010
STU0181,SK007
STU0182,SK001
STU0182,SK002
STU0182,SK003
STU0182,SK014
STU0182,SK019
STU0183,SK001
STU0183,SK002
STU0183,SK003
STU0183,SK014
STU0183,SK008
STU0183,SK019
STU0184,SK019
STU0184,SK001
STU0185,SK001
STU0185,SK012
STU0185,SK011
STU0185,SK006
STU0185,SK002
STU0185,SK008
STU0186,SK001
STU0186,SK012
STU0186,SK011
STU0186,SK002
STU0186,SK006
STU0187,SK004
STU0187,SK001
STU0187,SK002
STU0188,SK001
STU0188,SK002
STU0188,SK003
STU0188,SK014
STU0188,SK008
STU0188,SK017
STU0189,SK001
STU0189,SK002
STU0189,SK003
STU0189,SK014
STU0189,SK006
STU0190,SK019
STU0190,SK020
STU0191,SK001
STU0191,SK019
STU0191,SK004
STU0191,SK002
STU0192,SK001
STU0192,SK002
STU0192,SK003
STU0192,SK014
STU0192,SK015
STU0192,SK005
STU0192,SK017
STU0193,SK019
STU0193,SK020
STU0193,SK001
STU0194,SK019
STU0194,SK001
STU0194,SK020
STU0195,SK001
STU0195,SK002
STU0195,SK011
STU0195,SK012
STU0195,SK008
STU0195,SK010
STU0196,SK001
STU0196,SK019
STU0196,SK002
STU0196,SK014
STU0196,SK004
STU0197,SK004
STU0197,SK001
STU0197,SK002
STU0198,SK019
STU0198,SK001
STU0198,SK020
STU0199,SK001
STU0199,SK002
STU0199,SK011
STU0199,SK012
STU0199,SK007
STU0199,SK008
STU0199,SK006
STU0200,SK001
STU0200,SK002
STU0200,SK003
STU0200,SK014
STU0200,SK017
STU0200,SK015
STU0201,SK004
STU0201,SK001
STU0201,SK002
STU0202,SK001
STU0202,SK002
STU0202,SK003
STU0202,SK014
STU0202,SK019
STU0202,SK008
STU0203,SK019
STU0203,SK020
STU0204,SK001
STU0204,SK002
STU0204,SK003
STU0204,SK014
STU0204,SK005
STU0205,SK001
STU0205,SK002
STU0205,SK003
STU0205,SK014
STU0205,SK019
STU0205,SK006
STU0206,SK004
STU0206,SK001
STU0206,SK019
STU0207,SK019
STU0207,SK020
STU0207,SK001
STU0208,SK001
STU0208,SK019
STU0208,SK002
STU0209,SK019
STU0209,SK001
STU0209,SK020
STU0210,SK004
STU0210,SK001
STU0210,SK002
STU0211,SK001
STU0211,SK012
STU0211,SK011
STU0211,SK006
STU0211,SK008
STU0212,SK001
STU0212,SK002
STU0212,SK011
STU0212,SK012
STU0212,SK008
STU0212,SK007
STU0213,SK001
STU0213,SK002
STU0213,SK003
STU0213,SK014
STU0213,SK017
STU0214,SK001
STU0214,SK019
STU0214,SK004
STU0215,SK019
STU0215,SK001
STU0216,SK001
STU0216,SK002
STU0216,SK011
STU0216,SK012
STU0216,SK006
STU0217,SK001
STU0217,SK012
STU0217,SK011
STU0217,SK002
STU0217,SK008
STU0217,SK006
STU0218,SK004
STU0218,SK001
STU0218,SK014
STU0219,SK001
STU0219,SK002
STU0219,SK011
STU0219,SK012
STU0219,SK007
STU0219,SK006
STU0219,SK010
STU0220,SK004
STU0220,SK001
STU0220,SK019
STU0220,SK014
STU0221,SK001
STU0221,SK002
STU0221,SK003
STU0221,SK014
STU0221,SK006
STU0221,SK008
STU0221,SK019
STU0222,SK001
STU0222,SK019
STU0222,SK002
STU0222,SK004
STU0223,SK001
STU0223,SK019
STU0223,SK014
STU0224,SK001
STU0224,SK002
STU0224,SK011
STU0224,SK012
STU0224,SK006
STU0225,SK001
STU0225,SK019
STU0225,SK004
STU0225,SK014
STU0226,SK001
STU0226,SK002
STU0226,SK003
STU0226,SK014
STU0226,SK015
STU0226,SK005
STU0227,SK001
STU0227,SK002
STU0227,SK003
STU0227,SK014
STU0227,SK019
STU0227,SK006
STU0227,SK008
STU0228,SK001
STU0228,SK002
STU0228,SK003
STU0228,SK014
STU0228,SK008
STU0228,SK017
STU0228,SK005
STU0229,SK001
STU0229,SK002
STU0229,SK011
STU0229,SK012
STU0229,SK006
STU0229,SK007
STU0229,SK010
STU0230,SK001
STU0230,SK012
STU0230,SK011
STU0230,SK006
STU0230,SK002
STU0230,SK008
STU0231,SK001
STU0231,SK002
STU0231,SK003
STU0231,SK014
STU0231,SK017
STU0232,SK001
STU0232,SK012
STU0232,SK011
STU0232,SK002
STU0232,SK006
STU0233,SK001
STU0233,SK002
STU0233,SK003
STU0233,SK014
STU0233,SK019
STU0233,SK008
STU0234,SK001
STU0234,SK002
STU0234,SK003
STU0234,SK014
STU0234,SK006
STU0234,SK008
STU0234,SK019
STU0235,SK001
STU0235,SK019
STU0235,SK004
STU0235,SK014
STU0235,SK002
STU0236,SK001
STU0236,SK002
STU0236,SK011
STU0236,SK012
STU0236,SK008
STU0236,SK010
STU0237,SK004
STU0237,SK001
STU0237,SK002
STU0237,SK019
STU0237,SK014
STU0238,SK019
STU0238,SK001
STU0239,SK019
STU0239,SK020
STU0239,SK001
STU0240,SK001
STU0240,SK019
STU0240,SK004
STU0240,SK014
STU0240,SK002
STU0241,SK001
STU0241,SK002
STU0241,SK011
STU0241,SK012
STU0241,SK008
STU0242,SK001
STU0242,SK002
STU0242,SK011
STU0242,SK012
STU0242,SK007
STU0242,SK008
STU0243,SK001
STU0243,SK002
STU0243,SK003
STU0243,SK014
STU0243,SK008
STU0244,SK004
STU0244,SK001
STU0244,SK002
STU0244,SK019
STU0245,SK019
STU0245,SK020
STU0245,SK001
STU0246,SK019
STU0246,SK020
STU0247,SK019
STU0247,SK020
STU0247,SK001
STU0248,SK001
STU0248,SK002
STU0248,SK003
STU0248,SK014
STU0248,SK008
STU0248,SK019
STU0248,SK006
STU0249,SK004
STU0249,SK001
STU0249,SK014
STU0250,SK001
STU0250,SK012
STU0250,SK011
STU0250,SK002
STU0250,SK006
STU0251,SK001
STU0251,SK002
STU0251,SK011
STU0251,SK012
STU0251,SK007
STU0251,SK008
STU0251,SK010
STU0252,SK001
STU0252,SK002
STU0252,SK003
STU0252,SK014
STU0252,SK008
STU0252,SK015
STU0253,SK001
STU0253,SK002
STU0253,SK003
STU0253,SK014
STU0253,SK019
STU0253,SK008
STU0253,SK006
STU0254,SK001
STU0254,SK019
STU0254,SK014
STU0254,SK004
STU0254,SK002
STU0255,SK001
STU0255,SK002
STU0255,SK011
STU0255,SK012
STU0255,SK007
STU0255,SK006
STU0256,SK004
STU0256,SK001
STU0256,SK014
STU0256,SK002
STU0256,SK019
STU0257,SK004
STU0257,SK001
STU0257,SK019
STU0257,SK014
STU0257,SK002
STU0258,SK004
STU0258,SK001
STU0258,SK019
STU0259,SK001
STU0259,SK002
STU0259,SK011
STU0259,SK012
STU0259,SK010
STU0259,SK008
STU0260,SK001
STU0260,SK002
STU0260,SK003
STU0260,SK014
STU0260,SK008
STU0260,SK005
STU0260,SK017
STU0261,SK001
STU0261,SK002
STU0261,SK003
STU0261,SK014
STU0261,SK006
STU0261,SK008
STU0262,SK001
STU0262,SK002
STU0262,SK011
STU0262,SK012
STU0262,SK010
STU0263,SK019
STU0263,SK001
STU0264,SK001
STU0264,SK002
STU0264,SK003
STU0264,SK014
STU0264,SK006
STU0264,SK019
STU0265,SK004
STU0265,SK001
STU0265,SK002
STU0265,SK014
STU0265,SK019
STU0266,SK001
STU0266,SK002
STU0266,SK003
STU0266,SK014
STU0266,SK006
STU0267,SK001
STU0267,SK019
STU0267,SK014
STU0267,SK004
STU0267,SK002
STU0268,SK019
STU0268,SK001
STU0268,SK020
STU0269,SK004
STU0269,SK001
STU0269,SK002
STU0270,SK019
STU0270,SK001
STU0270,SK020
STU0271,SK004
STU0271,SK001
STU0271,SK002
STU0271,SK014
STU0272,SK001
STU0272,SK012
STU0272,SK011
STU0272,SK008
STU0272,SK002
STU0272,SK006
STU0273,SK001
STU0273,SK012
STU0273,SK011
STU0273,SK008
STU0274,SK004
STU0274,SK001
STU0274,SK014
STU0274,SK019
STU0275,SK019
STU0275,SK001
STU0276,SK001
STU0276,SK002
STU0276,SK003
STU0276,SK014
STU0276,SK019
STU0276,SK006
STU0276,SK008
STU0277,SK019
STU0277,SK020
STU0277,SK001
STU0278,SK001
STU0278,SK012
STU0278,SK011
STU0278,SK006
STU0278,SK008
STU0278,SK002
STU0279,SK001
STU0279,SK019
STU0279,SK004
STU0279,SK002
STU0279,SK014
STU0280,SK001
STU0280,SK002
STU0280,SK003
STU0280,SK014
STU0280,SK015
STU0280,SK017
STU0280,SK005
STU0281,SK001
STU0281,SK019
STU0281,SK002
STU0282,SK001
STU0282,SK019
STU0282,SK004
STU0283,SK001
STU0283,SK002
STU0283,SK003
STU0283,SK014
STU0283,SK006
STU0284,SK001
STU0284,SK019
STU0284,SK014
STU0285,SK001
STU0285,SK002
STU0285,SK003
STU0285,SK014
STU0285,SK019
STU0285,SK008
STU0286,SK001
STU0286,SK012
STU0286,SK011
STU0286,SK002
STU0286,SK008
STU0287,SK001
STU0287,SK002
STU0287,SK003
STU0287,SK014
STU0287,SK019
STU0287,SK008
STU0288,SK019
STU0288,SK001
STU0288,SK020
STU0289,SK019
STU0289,SK001
STU0289,SK020
STU0290,SK001
STU0290,SK012
STU0290,SK011
STU0290,SK008
STU0291,SK004
STU0291,SK001
STU0291,SK019
STU0292,SK004
STU0292,SK001
STU0292,SK002
STU0293,SK001
STU0293,SK019
STU0293,SK002
STU0294,SK019
STU0294,SK001
STU0295,SK001
STU0295,SK012
STU0295,SK011
STU0295,SK008
STU0295,SK006
STU0296,SK001
STU0296,SK002
STU0296,SK003
STU0296,SK014
STU0296,SK006
STU0296,SK008
STU0297,SK001
STU0297,SK019
STU0297,SK014
STU0297,SK004
STU0297,SK002
STU0298,SK001
STU0298,SK012
STU0298,SK011
STU0298,SK008
STU0298,SK006
STU0298,SK002
STU0299,SK001
STU0299,SK019
STU0299,SK004
STU0300,SK001
STU0300,SK002
STU0300,SK011
STU0300,SK012
STU0300,SK008
STU0301,SK001
STU0301,SK012
STU0301,SK011
STU0301,SK006
STU0301,SK008
STU0301,SK002
STU0302,SK001
STU0302,SK002
STU0302,SK003
STU0302,SK014
STU0302,SK006
STU0303,SK001
STU0303,SK002
STU0303,SK003
STU0303,SK014
STU0303,SK005
STU0303,SK008
STU0303,SK015
STU0304,SK019
STU0304,SK020
STU0305,SK019
STU0305,SK001
STU0305,SK020
STU0306,SK001
STU0306,SK002
STU0306,SK003
STU0306,SK014
STU0306,SK019
STU0307,SK001
STU0307,SK002
STU0307,SK003
STU0307,SK014
STU0307,SK017
STU0307,SK005
STU0308,SK019
STU0308,SK001
STU0308,SK020
STU0309,SK004
STU0309,SK001
STU0309,SK002
STU0309,SK014
STU0310,SK001
STU0310,SK012
STU0310,SK011
STU0310,SK006
STU0311,SK019
STU0311,SK020
STU0311,SK001
STU0312,SK001
STU0312,SK002
STU0312,SK003
STU0312,SK014
STU0312,SK008
STU0312,SK006
STU0312,SK019
STU0313,SK001
STU0313,SK002
STU0313,SK011
STU0313,SK012
STU0313,SK010
STU0314,SK019
STU0314,SK020
STU0314,SK001
STU0315,SK004
STU0315,SK001
STU0315,SK019
STU0315,SK014
STU0316,SK019
STU0316,SK020
STU0316,SK001
STU0317,SK004
STU0317,SK001
STU0317,SK019
STU0318,SK019
STU0318,SK020
STU0318,SK001
STU0319,SK001
STU0319,SK012
STU0319,SK011
STU0319,SK002
STU0320,SK001
STU0320,SK002
STU0320,SK003
STU0320,SK014
STU0320,SK019
STU0320,SK006
STU0321,SK001
STU0321,SK002
STU0321,SK003
STU0321,SK014
STU0321,SK008
STU0321,SK019
STU0322,SK001
STU0322,SK002
STU0322,SK003
STU0322,SK014
STU0322,SK006
STU0323,SK001
STU0323,SK002
STU0323,SK003
STU0323,SK014
STU0323,SK019
STU0323,SK006
STU0323,SK008
STU0324,SK001
STU0324,SK002
STU0324,SK011
STU0324,SK012
STU0324,SK006
STU0324,SK010
STU0325,SK001
STU0325,SK012
STU0325,SK011
STU0325,SK002
STU0325,SK008
STU0326,SK019
STU0326,SK020
STU0327,SK001
STU0327,SK012
STU0327,SK011
STU0327,SK008
STU0328,SK001
STU0328,SK002
STU0328,SK011
STU0328,SK012
STU0328,SK008
STU0329,SK001
STU0329,SK002
STU0329,SK011
STU0329,SK012
STU0329,SK010
STU0329,SK008
STU0329,SK007
STU0330,SK001
STU0330,SK002
STU0330,SK003
STU0330,SK014
STU0330,SK017
STU0330,SK015
STU0331,SK001
STU0331,SK002
STU0331,SK003
STU0331,SK014
STU0331,SK008
STU0332,SK001
STU0332,SK002
STU0332,SK003
STU0332,SK014
STU0332,SK006
STU0332,SK008
STU0332,SK019
STU0333,SK019
STU0333,SK020
STU0334,SK001
STU0334,SK002
STU0334,SK011
STU0334,SK012
STU0334,SK008
STU0334,SK007
STU0335,SK001
STU0335,SK002
STU0335,SK003
STU0335,SK014
STU0335,SK008
STU0335,SK005
STU0335,SK015
STU0336,SK004
STU0336,SK001
STU0336,SK002
STU0336,SK019
STU0336,SK014
STU0337,SK001
STU0337,SK002
STU0337,SK011
STU0337,SK012
STU0337,SK008
STU0337,SK007
STU0338,SK001
STU0338,SK002
STU0338,SK003
STU0338,SK014
STU0338,SK019
STU0338,SK008
STU0339,SK001
STU0339,SK002
STU0339,SK011
STU0339,SK012
STU0339,SK010
STU0339,SK006
STU0340,SK004
STU0340,SK001
STU0340,SK014
STU0340,SK002
STU0340,SK019
STU0341,SK019
STU0341,SK020
STU0341,SK001
STU0342,SK004
STU0342,SK001
STU0342,SK002
STU0342,SK019
STU0342,SK014
STU0343,SK001
STU0343,SK002
STU0343,SK003
STU0343,SK014
STU0343,SK019
STU0343,SK006
STU0343,SK008
STU0344,SK001
STU0344,SK002
STU0344,SK003
STU0344,SK014
STU0344,SK006
STU0345,SK001
STU0345,SK012
STU0345,SK011
STU0345,SK008
STU0345,SK006
STU0345,SK002
STU0346,SK019
STU0346,SK001
STU0346,SK020
STU0347,SK001
STU0347,SK019
STU0347,SK004
STU0348,SK004
STU0348,SK001
STU0348,SK002
STU0349,SK001
STU0349,SK002
STU0349,SK011
STU0349,SK012
STU0349,SK007
STU0349,SK006
STU0349,SK008
STU0350,SK001
STU0350,SK012
STU0350,SK011
STU0350,SK006
STU0350,SK008
STU0351,SK004
STU0351,SK001
STU0351,SK014
STU0351,SK002
STU0351,SK019
STU0352,SK001
STU0352,SK012
STU0352,SK011
STU0352,SK008
STU0352,SK006
STU0353,SK001
STU0353,SK002
STU0353,SK003
STU0353,SK014
STU0353,SK006
STU0353,SK019
STU0353,SK008
STU0354,SK001
STU0354,SK019
STU0354,SK004
STU0354,SK014
STU0354,SK002
STU0355,SK001
STU0355,SK002
STU0355,SK003
STU0355,SK014
STU0355,SK005
STU0355,SK015
STU0355,SK017
STU0356,SK004
STU0356,SK001
STU0356,SK019
STU0356,SK014
STU0356,SK002
STU0357,SK001
STU0357,SK012
STU0357,SK011
STU0357,SK008
STU0358,SK001
STU0358,SK012
STU0358,SK011
STU0358,SK002
STU0358,SK008
STU0359,SK019
STU0359,SK001
STU0359,SK020
STU0360,SK001
STU0360,SK002
STU0360,SK003
STU0360,SK014
STU0360,SK008
STU0360,SK015
STU0361,SK001
STU0361,SK002
STU0361,SK011
STU0361,SK012
STU0361,SK007
STU0362,SK001
STU0362,SK019
STU0362,SK014
STU0362,SK002
STU0362,SK004
STU0363,SK019
STU0363,SK001
STU0364,SK004
STU0364,SK001
STU0364,SK002
STU0364,SK014
STU0364,SK019
STU0365,SK001
STU0365,SK002
STU0365,SK003
STU0365,SK014
STU0365,SK006
STU0365,SK019
STU0365,SK008
STU0366,SK001
STU0366,SK012
STU0366,SK011
STU0366,SK006
STU0366,SK008
STU0366,SK002
STU0367,SK019
STU0367,SK001
STU0368,SK001
STU0368,SK019
STU0368,SK004
STU0368,SK002
STU0369,SK001
STU0369,SK012
STU0369,SK011
STU0369,SK006
STU0370,SK019
STU0370,SK001
STU0370,SK020
STU0371,SK001
STU0371,SK002
STU0371,SK011
STU0371,SK012
STU0371,SK010
STU0371,SK007
STU0371,SK008
STU0372,SK001
STU0372,SK002
STU0372,SK003
STU0372,SK014
STU0372,SK008
STU0373,SK001
STU0373,SK002
STU0373,SK003
STU0373,SK014
STU0373,SK006
STU0373,SK019
STU0374,SK001
STU0374,SK002
STU0374,SK011
STU0374,SK012
STU0374,SK010
STU0374,SK008
STU0375,SK001
STU0375,SK002
STU0375,SK003
STU0375,SK014
STU0375,SK008
STU0375,SK005
STU0376,SK019
STU0376,SK001
STU0376,SK020
STU0377,SK001
STU0377,SK019
STU0377,SK004
STU0377,SK002
STU0377,SK014
STU0378,SK019
STU0378,SK020
STU0378,SK001
STU0379,SK019
STU0379,SK020
STU0380,SK001
STU0380,SK002
STU0380,SK003
STU0380,SK014
STU0380,SK008
STU0380,SK017
STU0380,SK005
STU0381,SK001
STU0381,SK002
STU0381,SK003
STU0381,SK014
STU0381,SK006
STU0381,SK019
STU0381,SK008
STU0382,SK019
STU0382,SK001
STU0382,SK020
STU0383,SK001
STU0383,SK012
STU0383,SK011
STU0383,SK002
STU0383,SK008
STU0383,SK006
STU0384,SK001
STU0384,SK012
STU0384,SK011
STU0384,SK008
STU0384,SK006
STU0385,SK001
STU0385,SK019
STU0385,SK002
STU0386,SK001
STU0386,SK002
STU0386,SK003
STU0386,SK014
STU0386,SK008
STU0387,SK019
STU0387,SK020
STU0387,SK001
STU0388,SK004
STU0388,SK001
STU0388,SK002
STU0388,SK019
STU0389,SK001
STU0389,SK012
STU0389,SK011
STU0389,SK006
STU0390,SK019
STU0390,SK001
STU0391,SK001
STU0391,SK012
STU0391,SK011
STU0391,SK008
STU0392,SK001
STU0392,SK002
STU0392,SK011
STU0392,SK012
STU0392,SK008
STU0392,SK010
STU0392,SK007
STU0393,SK019
STU0393,SK020
STU0394,SK001
STU0394,SK002
STU0394,SK003
STU0394,SK014
STU0394,SK008
STU0395,SK004
STU0395,SK001
STU0395,SK014
STU0395,SK002
STU0395,SK019
STU0396,SK001
STU0396,SK002
STU0396,SK003
STU0396,SK014
STU0396,SK019
STU0396,SK008
STU0396,SK006
STU0397,SK001
STU0397,SK002
STU0397,SK003
STU0397,SK014
STU0397,SK008
STU0397,SK006
STU0397,SK019
STU0398,SK001
STU0398,SK019
STU0398,SK002
STU0398,SK014
STU0399,SK019
STU0399,SK001
STU0400,SK004
STU0400,SK001
STU0400,SK002
STU0400,SK019
STU0400,SK014
STU0401,SK019
STU0401,SK001
STU0402,SK001
STU0402,SK002
STU0402,SK003
STU0402,SK014
STU0402,SK005
STU0403,SK001
STU0403,SK002
STU0403,SK003
STU0403,SK014
STU0403,SK008
STU0403,SK006
STU0404,SK019
STU0404,SK001
STU0405,SK001
STU0405,SK002
STU0405,SK003
STU0405,SK014
STU0405,SK006
STU0405,SK008
STU0405,SK019
STU0406,SK019
STU0406,SK001
STU0406,SK020
STU0407,SK019
STU0407,SK020
STU0407,SK001
STU0408,SK019
STU0408,SK020
STU0408,SK001
STU0409,SK001
STU0409,SK012
STU0409,SK011
STU0409,SK006
STU0409,SK002
STU0409,SK008
STU0410,SK001
STU0410,SK002
STU0410,SK003
STU0410,SK014
STU0410,SK015
STU0410,SK017
STU0411,SK001
STU0411,SK002
STU0411,SK003
STU0411,SK014
STU0411,SK019
STU0412,SK019
STU0412,SK020
STU0412,SK001
STU0413,SK001
STU0413,SK002
STU0413,SK003
STU0413,SK014
STU0413,SK008
STU0413,SK006
STU0414,SK001
STU0414,SK002
STU0414,SK003
STU0414,SK014
STU0414,SK008
STU0415,SK001
STU0415,SK002
STU0415,SK003
STU0415,SK014
STU0415,SK019
STU0416,SK019
STU0416,SK020
STU0417,SK001
STU0417,SK002
STU0417,SK003
STU0417,SK014
STU0417,SK008
STU0418,SK001
STU0418,SK002
STU0418,SK003
STU0418,SK014
STU0418,SK006
STU0419,SK019
STU0419,SK001
STU0420,SK001
STU0420,SK002
STU0420,SK003
STU0420,SK014
STU0420,SK015
STU0420,SK008
STU0420,SK005
STU0421,SK001
STU0421,SK002
STU0421,SK003
STU0421,SK014
STU0421,SK008
STU0422,SK001
STU0422,SK019
STU0422,SK004
STU0423,SK001
STU0423,SK019
STU0423,SK014
STU0424,SK001
STU0424,SK002
STU0424,SK003
STU0424,SK014
STU0424,SK015
STU0425,SK001
STU0425,SK019
STU0425,SK014
STU0425,SK002
STU0425,SK004
STU0426,SK019
STU0426,SK020
STU0427,SK001
STU0427,SK019
STU0427,SK014
STU0428,SK001
STU0428,SK012
STU0428,SK011
STU0428,SK008
STU0429,SK019
STU0429,SK020
STU0429,SK001
STU0430,SK001
STU0430,SK002
STU0430,SK003
STU0430,SK014
STU0430,SK005
STU0430,SK017
STU0431,SK001
STU0431,SK012
STU0431,SK011
STU0431,SK006
STU0431,SK002
STU0431,SK008
STU0432,SK001
STU0432,SK002
STU0432,SK003
STU0432,SK014
STU0432,SK008
STU0432,SK019
STU0433,SK019
STU0433,SK001
STU0434,SK004
STU0434,SK001
STU0434,SK014
STU0434,SK019
STU0434,SK002
STU0435,SK001
STU0435,SK012
STU0435,SK011
STU0435,SK008
STU0435,SK002
STU0436,SK001
STU0436,SK002
STU0436,SK011
STU0436,SK012
STU0436,SK008
STU0437,SK001
STU0437,SK002
STU0437,SK003
STU0437,SK014
STU0437,SK017
STU0437,SK008
STU0438,SK001
STU0438,SK002
STU0438,SK011
STU0438,SK012
STU0438,SK008
STU0439,SK001
STU0439,SK002
STU0439,SK011
STU0439,SK012
STU0439,SK008
STU0439,SK006
STU0439,SK010
STU0440,SK001
STU0440,SK019
STU0440,SK004
STU0440,SK002
STU0441,SK004
STU0441,SK001
STU0441,SK014
STU0442,SK019
STU0442,SK020
STU0442,SK001
STU0443,SK004
STU0443,SK001
STU0443,SK019
STU0443,SK002
STU0443,SK014
STU0444,SK001
STU0444,SK002
STU0444,SK003
STU0444,SK014
STU0444,SK017
STU0444,SK005
STU0444,SK008
STU0445,SK019
STU0445,SK020
STU0446,SK019
STU0446,SK020
STU0446,SK001
STU0447,SK001
STU0447,SK002
STU0447,SK003
STU0447,SK014
STU0447,SK017
STU0447,SK015
STU0448,SK001
STU0448,SK019
STU0448,SK004
STU0448,SK002
STU0449,SK004
STU0449,SK001
STU0449,SK002
STU0449,SK019
STU0450,SK001
STU0450,SK002
STU0450,SK011
STU0450,SK012
STU0450,SK010
STU0450,SK007
STU0450,SK006
STU0451,SK019
STU0451,SK020
STU0451,SK001
STU0452,SK001
STU0452,SK002
STU0452,SK011
STU0452,SK012
STU0452,SK006
STU0453,SK001
STU0453,SK019
STU0453,SK002
STU0453,SK014
STU0454,SK019
STU0454,SK020
STU0455,SK001
STU0455,SK002
STU0455,SK011
STU0455,SK012
STU0455,SK010
STU0455,SK008
STU0455,SK006
STU0456,SK019
STU0456,SK020
STU0456,SK001
STU0457,SK001
STU0457,SK002
STU0457,SK003
STU0457,SK014
STU0457,SK006
STU0457,SK008
STU0457,SK019
STU0458,SK001
STU0458,SK002
STU0458,SK003
STU0458,SK014
STU0458,SK005
STU0458,SK008
STU0459,SK019
STU0459,SK001
STU0460,SK019
STU0460,SK020
STU0460,SK001
STU0461,SK004
STU0461,SK001
STU0461,SK019
STU0461,SK002
STU0462,SK001
STU0462,SK012
STU0462,SK011
STU0462,SK006
STU0463,SK001
STU0463,SK002
STU0463,SK003
STU0463,SK014
STU0463,SK006
STU0463,SK008
STU0463,SK019
STU0464,SK001
STU0464,SK002
STU0464,SK003
STU0464,SK014
STU0464,SK008
STU0464,SK005
STU0464,SK017
STU0465,SK001
STU0465,SK002
STU0465,SK011
STU0465,SK012
STU0465,SK010
STU0465,SK007
STU0466,SK019
STU0466,SK001
STU0466,SK020
STU0467,SK001
STU0467,SK002
STU0467,SK003
STU0467,SK014
STU0467,SK019
STU0468,SK019
STU0468,SK020
STU0468,SK001
STU0469,SK001
STU0469,SK002
STU0469,SK011
STU0469,SK012
STU0469,SK006
STU0469,SK008
STU0469,SK010
STU0470,SK001
STU0470,SK012
STU0470,SK011
STU0470,SK006
STU0470,SK008
STU0471,SK019
STU0471,SK001
STU0471,SK020
STU0472,SK001
STU0472,SK012
STU0472,SK011
STU0472,SK008
STU0472,SK006
STU0473,SK019
STU0473,SK001
STU0474,SK019
STU0474,SK020
STU0475,SK001
STU0475,SK002
STU0475,SK003
STU0475,SK014
STU0475,SK006
STU0475,SK019
STU0475,SK008
STU0476,SK001
STU0476,SK012
STU0476,SK011
STU0476,SK008
STU0476,SK006
STU0477,SK001
STU0477,SK019
STU0477,SK004
STU0477,SK014
STU0478,SK019
STU0478,SK001
STU0478,SK020
STU0479,SK001
STU0479,SK002
STU0479,SK011
STU0479,SK012
STU0479,SK006
STU0479,SK007
STU0479,SK010
STU0480,SK001
STU0480,SK019
STU0480,SK014
STU0481,SK004
STU0481,SK001
STU0481,SK019
STU0481,SK002
STU0481,SK014
STU0482,SK019
STU0482,SK001
STU0483,SK004
STU0483,SK001
STU0483,SK019
STU0483,SK014
STU0484,SK001
STU0484,SK002
STU0484,SK011
STU0484,SK012
STU0484,SK007
STU0485,SK004
STU0485,SK001
STU0485,SK014
STU0485,SK019
STU0486,SK019
STU0486,SK001
STU0486,SK020
STU0487,SK019
STU0487,SK020
STU0488,SK001
STU0488,SK012
STU0488,SK011
STU0488,SK008
STU0488,SK006
STU0489,SK001
STU0489,SK002
STU0489,SK011
STU0489,SK012
STU0489,SK007
STU0490,SK004
STU0490,SK001
STU0490,SK019
STU0490,SK014
STU0491,SK001
STU0491,SK002
STU0491,SK011
STU0491,SK012
STU0491,SK010
STU0491,SK006
STU0491,SK007
STU0492,SK001
STU0492,SK012
STU0492,SK011
STU0492,SK002
STU0492,SK006
STU0492,SK008
STU0493,SK001
STU0493,SK019
STU0493,SK002
STU0493,SK014
STU0494,SK001
STU0494,SK012
STU0494,SK011
STU0494,SK006
STU0494,SK008
STU0494,SK002
STU0495,SK001
STU0495,SK002
STU0495,SK003
STU0495,SK014
STU0495,SK005
STU0495,SK015
STU0496,SK001
STU0496,SK012
STU0496,SK011
STU0496,SK006
STU0497,SK001
STU0497,SK012
STU0497,SK011
STU0497,SK008
STU0498,SK019
STU0498,SK001
STU0498,SK020
STU0499,SK001
STU0499,SK012
STU0499,SK011
STU0499,SK002
STU0499,SK008
STU0500,SK001
STU0500,SK019
STU0500,SK004
STU0500,SK014
STU0501,SK001
STU0501,SK002
STU0501,SK003
STU0501,SK014
STU0501,SK005
STU0501,SK015
STU0501,SK008
STU0502,SK001
STU0502,SK002
STU0502,SK003
STU0502,SK014
STU0502,SK008
STU0502,SK005
STU0502,SK015
STU0503,SK001
STU0503,SK002
STU0503,SK003
STU0503,SK014
STU0503,SK006
STU0504,SK001
STU0504,SK002
STU0504,SK011
STU0504,SK012
STU0504,SK006
STU0504,SK010
STU0504,SK008
STU0505,SK019
STU0505,SK020
STU0505,SK001
STU0506,SK004
STU0506,SK001
STU0506,SK014
STU0507,SK019
STU0507,SK020
STU0508,SK001
STU0508,SK002
STU0508,SK003
STU0508,SK014
STU0508,SK015
STU0509,SK001
STU0509,SK002
STU0509,SK003
STU0509,SK014
STU0509,SK006
STU0509,SK019
STU0509,SK008
STU0510,SK001
STU0510,SK012
STU0510,SK011
STU0510,SK006
STU0510,SK008
STU0510,SK002
STU0511,SK001
STU0511,SK019
STU0511,SK004
STU0511,SK014
STU0511,SK002
STU0512,SK001
STU0512,SK002
STU0512,SK011
STU0512,SK012
STU0512,SK008
STU0513,SK001
STU0513,SK002
STU0513,SK011
STU0513,SK012
STU0513,SK008
STU0514,SK001
STU0514,SK002
STU0514,SK011
STU0514,SK012
STU0514,SK010
STU0514,SK007
STU0515,SK019
STU0515,SK020
STU0516,SK001
STU0516,SK002
STU0516,SK003
STU0516,SK014
STU0516,SK005
STU0516,SK015
STU0516,SK008
STU0517,SK001
STU0517,SK002
STU0517,SK011
STU0517,SK012
STU0517,SK006
STU0517,SK008
STU0518,SK001
STU0518,SK019
STU0518,SK014
STU0518,SK002
STU0519,SK001
STU0519,SK002
STU0519,SK003
STU0519,SK014
STU0519,SK005
STU0519,SK008
STU0519,SK015
STU0520,SK004
STU0520,SK001
STU0520,SK019
STU0520,SK014
STU0521,SK001
STU0521,SK002
STU0521,SK003
STU0521,SK014
STU0521,SK019
STU0521,SK006
STU0522,SK019
STU0522,SK020
STU0522,SK001
STU0523,SK019
STU0523,SK020
STU0524,SK001
STU0524,SK002
STU0524,SK003
STU0524,SK014
STU0524,SK008
STU0525,SK001
STU0525,SK012
STU0525,SK011
STU0525,SK002
STU0525,SK008
STU0525,SK006
STU0526,SK001
STU0526,SK002
STU0526,SK003
STU0526,SK014
STU0526,SK019
STU0527,SK001
STU0527,SK019
STU0527,SK014
STU0527,SK002
STU0528,SK001
STU0528,SK002
STU0528,SK003
STU0528,SK014
STU0528,SK008
STU0528,SK019
STU0529,SK001
STU0529,SK002
STU0529,SK003
STU0529,SK014
STU0529,SK008
STU0529,SK019
STU0530,SK019
STU0530,SK001
STU0531,SK019
STU0531,SK001
STU0532,SK001
STU0532,SK002
STU0532,SK003
STU0532,SK014
STU0532,SK017
STU0533,SK004
STU0533,SK001
STU0533,SK002
STU0533,SK014
STU0534,SK001
STU0534,SK012
STU0534,SK011
STU0534,SK002
STU0534,SK008
STU0535,SK019
STU0535,SK001
STU0535,SK020
STU0536,SK019
STU0536,SK001
STU0537,SK019
STU0537,SK020
STU0537,SK001
STU0538,SK004
STU0538,SK001
STU0538,SK019
STU0539,SK001
STU0539,SK012
STU0539,SK011
STU0539,SK008
STU0539,SK002
STU0539,SK006
STU0540,SK001
STU0540,SK002
STU0540,SK011
STU0540,SK012
STU0540,SK010
STU0540,SK006
STU0540,SK007
STU0541,SK019
STU0541,SK020
STU0541,SK001
STU0542,SK001
STU0542,SK002
STU0542,SK003
STU0542,SK014
STU0542,SK017
STU0542,SK005
STU0543,SK004
STU0543,SK001
STU0543,SK014
STU0544,SK004
STU0544,SK001
STU0544,SK014
STU0545,SK001
STU0545,SK002
STU0545,SK003
STU0545,SK014
STU0545,SK006
STU0545,SK019
STU0546,SK001
STU0546,SK019
STU0546,SK014
STU0546,SK002
STU0546,SK004
STU0547,SK001
STU0547,SK002
STU0547,SK011
STU0547,SK012
STU0547,SK007
STU0548,SK019
STU0548,SK001
STU0549,SK001
STU0549,SK002
STU0549,SK003
STU0549,SK014
STU0549,SK017
STU0549,SK005
STU0549,SK015
STU0550,SK001
STU0550,SK019
STU0550,SK004
STU0550,SK002
STU0551,SK001
STU0551,SK002
STU0551,SK011
STU0551,SK012
STU0551,SK010
STU0551,SK008
STU0552,SK001
STU0552,SK002
STU0552,SK003
STU0552,SK014
STU0552,SK015
STU0552,SK008
STU0553,SK019
STU0553,SK020
STU0554,SK001
STU0554,SK002
STU0554,SK011
STU0554,SK012
STU0554,SK007
STU0554,SK008
STU0555,SK001
STU0555,SK002
STU0555,SK011
STU0555,SK012
STU0555,SK008
STU0555,SK007
STU0555,SK010
STU0556,SK001
STU0556,SK002
STU0556,SK003
STU0556,SK014
STU0556,SK017
STU0556,SK005
STU0557,SK001
STU0557,SK002
STU0557,SK003
STU0557,SK014
STU0557,SK015
STU0558,SK019
STU0558,SK001
STU0558,SK020
STU0559,SK019
STU0559,SK020
STU0559,SK001
STU0560,SK019
STU0560,SK001
STU0560,SK020
STU0561,SK001
STU0561,SK002
STU0561,SK003
STU0561,SK014
STU0561,SK008
STU0561,SK006
STU0562,SK004
STU0562,SK001
STU0562,SK014
STU0562,SK019
STU0563,SK001
STU0563,SK002
STU0563,SK003
STU0563,SK014
STU0563,SK008
STU0563,SK006
STU0564,SK001
STU0564,SK012
STU0564,SK011
STU0564,SK002
STU0564,SK006
STU0565,SK001
STU0565,SK002
STU0565,SK011
STU0565,SK012
STU0565,SK010
STU0565,SK006
STU0565,SK007
STU0566,SK019
STU0566,SK020
STU0567,SK001
STU0567,SK002
STU0567,SK011
STU0567,SK012
STU0567,SK006
STU0568,SK004
STU0568,SK001
STU0568,SK014
STU0568,SK002
STU0569,SK019
STU0569,SK001
STU0570,SK019
STU0570,SK001
STU0571,SK001
STU0571,SK019
STU0571,SK004
STU0571,SK002
STU0572,SK001
STU0572,SK002
STU0572,SK003
STU0572,SK014
STU0572,SK017
STU0572,SK015
STU0572,SK005
STU0573,SK001
STU0573,SK012
STU0573,SK011
STU0573,SK002
STU0574,SK001
STU0574,SK019
STU0574,SK002
STU0574,SK004
STU0575,SK001
STU0575,SK002
STU0575,SK003
STU0575,SK014
STU0575,SK019
STU0575,SK008
STU0575,SK006
STU0576,SK001
STU0576,SK002
STU0576,SK003
STU0576,SK014
STU0576,SK015
STU0576,SK017
STU0577,SK019
STU0577,SK001
STU0578,SK019
STU0578,SK020
STU0579,SK001
STU0579,SK002
STU0579,SK003
STU0579,SK014
STU0579,SK019
STU0579,SK008
STU0579,SK006
STU0580,SK019
STU0580,SK020
STU0581,SK001
STU0581,SK019
STU0581,SK004
STU0581,SK002
STU0581,SK014
STU0582,SK001
STU0582,SK002
STU0582,SK003
STU0582,SK014
STU0582,SK015
STU0582,SK017
STU0582,SK008
STU0583,SK001
STU0583,SK002
STU0583,SK003
STU0583,SK014
STU0583,SK008
STU0584,SK019
STU0584,SK020
STU0585,SK001
STU0585,SK019
STU0585,SK004
STU0586,SK019
STU0586,SK020
STU0587,SK019
STU0587,SK020
STU0588,SK001
STU0588,SK002
STU0588,SK003
STU0588,SK014
STU0588,SK017
STU0588,SK005
STU0589,SK019
STU0589,SK001
STU0589,SK020
STU0590,SK001
STU0590,SK002
STU0590,SK003
STU0590,SK014
STU0590,SK006
STU0590,SK008
STU0590,SK019
STU0591,SK001
STU0591,SK002
STU0591,SK003
STU0591,SK014
STU0591,SK006
STU0591,SK019
STU0592,SK019
STU0592,SK020
STU0592,SK001
STU0593,SK019
STU0593,SK020
STU0593,SK001
STU0594,SK001
STU0594,SK019
STU0594,SK014
STU0594,SK004
STU0594,SK002
STU0595,SK019
STU0595,SK001
STU0596,SK001
STU0596,SK002
STU0596,SK011
STU0596,SK012
STU0596,SK008
STU0596,SK006
STU0596,SK007
STU0597,SK019
STU0597,SK001
STU0598,SK001
STU0598,SK002
STU0598,SK003
STU0598,SK014
STU0598,SK005
STU0599,SK001
STU0599,SK012
STU0599,SK011
STU0599,SK006
STU0599,SK008
STU0600,SK001
STU0600,SK002
STU0600,SK011
STU0600,SK012
STU0600,SK008
STU0600,SK007
STU0600,SK006
